id,response
0,16
1,S
2,"thevaluewheretheareatotherightis0.05.Lookingatthestandardnormaltable,thecriticalzforОұ=0.05(righttail)is1.645.Wait,butourteststatisticisnegative,soit'swaytotheleft"
3,C
4,"inprecalculus,whentheyaskforsin(theta),cos(theta),tan(theta)givenapointontheterminalside,theyusuallyexpecttheanswersintermsofthecoordinatesoverr,withrsimplified.Sosince"
5,3.38;173.38+139.24=312.62;312.62+27.04=339.66;339.66+201.64=541.3.SoSSTR=541.3.Letmeconfirmwithanotherapproach.SometimesSSTRcanbecalculatedasthetotalsumofsquares(S
6,"0.0007=0.1232,176*0.0000840332вүҲ0.0148.Soaddingthose:1.584+0.1232=1.7072+0.0148вүҲ1.722.SototalhвүҲ140.8+1.722=142.522ft.Then,thetotalheightoftheairplaneish+5.5=1"
7,"snakeoccupiesthreearcs?Wait,thatmightmakemoresense!Becauseifeachsnakeislength1,occupyingeverythirdarc,that'sconfusing.Wait,let'scheckthetotallength:45arcs,eachlength1"
8,6-x)$$Thetotalamountofpureacidinthefinalmixtureis:$$0.50\times756=378\text{mL}$$Settinguptheequation:$$0.70x+0.25(756-x)=378$$Simplify:$$0.70x+189-0.25x=
9,B
10,R
11,",thenumeratorofrissum(x_i-x_bar)(y_i-y_bar)=r*sqrt((n-1)s_x^2)*sqrt((n"
12,B
13,S
14,"essingitasaratiooflogarithms(changeofbaseformula)isacceptable.Letmecheckif35isapowerof3,but3^3=27,3^4=81,so35isbetween3^3and3^4,soit'snotawholenumberexponent,so"
15,NONE
16,"otwhite).Socrucial:whenBrunnochoosesdirection,he'schoosingbetweentwopossibletargetvertices(current+kandcurrent-kmodn),andhewillpicktheonethatisstillwhite(ifbothare"
17,J
18,I
19,Q
20,",the"
21,uteeach\(t_iL_i\):-\(t=0\):0*57.5=0-\(t=10\):10*59.4=594-\(t=20\):20*62.4=1248-\(t=30\):30*65.9=1977-\(t=40\):40*68.8=2752-\(t=50\):50*71.1=3555-\(t=
22,E
23,B
24,x$:-For$x=-1$:$\hat{y}=3+2(-1)=1$-For$x=2$:$\hat{y}=3+2(2)=7$-For$x=5$:$\hat{y}=3+2(5)=13$---###Step2:ComputeresidualsTheresidualforeach
25,"1460-69:2570-79:4280-89:5590-100:63Letmecheck:8(below50)isthefirstcumulative.Then50-59adds6,so8+6=14.Then60-69adds11,14+11=25.70-79adds17,25+17=42.80-89adds13"
26,S
27,",330degreesis330*(ПҖ/180)=11ПҖ/6.Yep,that'scorrect.Sotheanswersareforthefirstequation:1/3,2/3;forthesecondequation:7/6,11/6.</think>Tosolvetheequationsintheinterval$["
28,"1(since(1)multiplyor(2)divide).Thentotalpages:12*64.Let'scomputethat.10*64=640,2*64=128,so640+128=768.So768pages.Thatseemsright.Partc:Bookcompanyhas3920booksordered,2"
29,"0.3*60=18liters.Correct.Add8liters,so18+8=26litersyellow.Totalvolumebecomes60+8=68liters.Correct.Then26/68=0.38235...So38.235...%,whichis38.2%whenroundedtoonedecimalplace"
30,A
31,42
32,formula:$$\sqrt{(-6-4)^2+(-4-(-3))^2}=\sqrt{(-10)^2+(-1)^2}=\sqrt{100+1}=\sqrt{101}$$Themidpointofthelinesegmentjoiningthepointsisfoundusingthemidpointformula:
33,A
34,Q
35,"Supposewehaveahorizontalstretchbyp.Let'stakeaspecificexample.Letp=2.Thenahorizontalstretchby2wouldtakeh(x)=lnxtoh(x/2)=ln(x/2).Now,isln(x/2)equivalenttoashiftof"
36,40x^{10}y^9
37,"computethenumberofdaysfromJan1toFeb14.Januaryhas31days,sofromJan1toJan31:31days.February1toFeb14:14days.SototaldaysforChuckyuptoFeb14:31+14=45days.Wait"
38,A
39,475
40,D=800-50d
41,"quaresexceptthediagonal.What'stheminimumnumberofrectanglestotileC?Wait,butmaybeadifferentpermutationisbetter?Forexample,ifwetakeapermutationthat'sasinglecycle?Wait,no"
42,A
43,",theblanksare:first[ANS]is3/8,thesecond[ANS]is14,thethird[ANS]is28.Wait"
44,"ons,4independentvariables.Sonumeratordfisk=4,denominatordfisn-k-1=25-4-1=20.Sothestatementsays3and21.That'swrong.Wait,maybetheyconfusedwithsomethingelse?Wait"
45,N
46,"Maybetheywantitroundedtotwodecimalplaces?Buttheproblemsays""teststatistic=[ANS]"",soprobablyweneedtocomputeitaccurately.Let'ssee,thestandarddeviationisgivenas20.35750729"
47,M
48,"maybemorethanonecorrectanswer"".Butinthiscase,onlyCiscorrect.Letmeconfirm.Let'scompute\(\ln(0.135)\).Since\(e^{-2}\approx0.135335\),so\(\ln(0.135335)=-2\).So\(\ln(0"
49,6.7082039325вүҲ1.043492.z_ОұforlefttailОұ=0.05is-1.644853626(usingstandardnormaltableorcalculator).Sox_c=17+(-1.644853626)*(1.043492)вүҲ17-1.644853626*1.043492.Calculate1.6448
50,3A+4B=142
51,"thetableis:Thefirstrowisthemultipliers(1-7),thentherowsarethemultiplicands(1-7).Sotheentryatrowm,columnnismГ—ninbase8.So,forexample,row5(m=5)hasentries:5(5Г—1)"
52,385
53,S
54,"butmaybewecanrelatethem.First,let'sthinkaboutthetotalnumberofedgesofcellsthatareonP'sboundary.EachcellwithkedgesonP'sboundarycontributesktothistotal.Sototal=a1*1"
55,y=5x^4
56,"ariable(studytime)shouldbeonthehorizontalaxis,andtheresponsevariable(examscore)ontheverticalaxis.Thisalignswithstandardpracticeinscatterplotswheretheindependentvariableis"
57,"=1369-8\times116\)Calculate8Г—116:8Г—100=800,8Г—16=128,so800+128=928So,\(D=1369-928=441\)Oh,441isaperfectsquare(21ВІ=441).Good.So,\(x=\frac{37\pm\"
58,"lc=f(1)=dВІfrombefore,solet'ssubstitutethatin.Wait,fromequation(1a),f(1)=df(f(1)),sof(f(1))=f(1)/d=dВІ/d=d.Oh,that'ssimpler!Wait,yes,equation(1a)saysf(n)=df(f(n"
59,tthisisafractionalexponent.Theexpressioncanbeinterpretedas:$$343^{\frac{2}{3}}=\left(343^{\frac{1}{3}}\right)^2$$Thismeanswefirstcomputethecuberootof343andthensquarethe
60,"t'stwoseparatequestions,Ishouldboxeachanswer.Theusersaid:""Donotwriteanythingaftertheboxedanswer.""soIneedtobeconcise.Also,""Avoidunnecessaryrepetitionorself-correction."""
61,".76c.Secondpiece:forc>150,thefirst150cricketscost150*0.76,andeachadditionalcricket(c-150)costs0.69.Sototalpriceis150*0.76+0.69*(c-150).Let'sexpandthat:150*0.76+0.6"
62,0
63,"Letmecheckthatcalculationagaintobesure.Let'sverifythesumofsquareddeviations.Let'slistthesquareddeviationsagain:14:(14-17.4)^2=(-3.4)^2=11.5614:sameasabove,11.561"
64,"recall:Forasinefunction:sin(t)hasaminimumat3ПҖ/2,maximumatПҖ/2,sothedistancefromminimumtomaximumisПҖ(halftheperiod,sinceperiodis2ПҖ).Sointermsoftime,iftheperiodis12"
65,\dfrac{2}{7}
66,"rstdisplacementisfromstarttopointA,thenfromAtopointB.SothetotaldisplacementfromstarttoBisthevectorsumofvectorOAandvectorAB.SotheanglebetweenOAandABis10degrees?"
67,"вүҲ1.677100051.09^7вүҲ1.67710005*1.09.1.67710005*1=1.67710005,1.67710005*0.09вүҲ0.1509390045,sototalвүҲ1.67710005+0.1509390045вүҲ1.82803905So(1.09)^7вүҲ1.8280.ThenN=7.6*1.8280"
68,(-6-(-20/7))=-6+20/7=(-42+20)/7=-22/7вүҲ-3.1429;squared:(22/7)^2=484/49вүҲ9.87764.d4=-5:(-5-(-20/7))=-5+20/7=(-35+20)/7=-15/7вүҲ-2.1429;squared:(15/7)^2=225/49вүҲ4
69,S
70,\dfrac{5}{56}
71,"16$$---###Step2:Determinethey-intercept$b$Fromthepoint$(F,X)=(0,18)$,weknowthatwhen$F=0$,$X=18$.Substitutingintotheequation$X=mF+b$,weget:$$18=m("
72,A
73,Y
74,2.89Subject5:18-18.7=-0.7;squared:(-0.7)^2=0.49Subject6:16-18.7=-2.7;squared:(-2.7)^2=7.29Subject7:12-18.7=-6.7;squared:44.89Subject8:33-18.7=14.3;squared:1
75,"50+0.15xRightside:1100+0.11xSo,250+0.15x>1100+0.11xSubtract0.11x:250+0.04x>1100Subtract250:0.04x>850Divideby0.04:x>850/0.04=21,250Yes,thatseemsright.So"
76,"6-5=[ANS].-9-(-12)=[ANS].20-(-13)=[ANS].-18-14=[ANS].-18-(-27)=[ANS].15-29=[ANS].-26-(-13)=[ANS].Sotheanswersinorderare:1.-42.-113.34.335.-326.97.-148.-13Yes,that's"
77,"stigatorscomparedthenumberofcrackerseatenbythechildrenwhilewatchingthedifferentkindsofmovies.""Sotheyhavetwomovies,eachshownatdifferenttimes.Ifthesamechildrenwatchedboth"
78,B
79,\dfrac{25}{7}
80,S
81,"etotalscoresagain.Section01:25*85.25*85:85*25.85*25is2125.Correct.Section02:20*76.20*76is1520.Correct.Section03:21*76.21*76.Let'scompute76*20=1520,76*1=76,so1520+76=159"
82,"it,maybebettertousecalculatorsteps.277.2225dividedby28:277.2225/28=(277.2225Г·7)/4=39.6032142857/4вүҲ9.9008035714.s2ВІ/n2=272.5801/24.272.5801Г·24:24*11=264,272.5801-26"
83,"es,rowsincreasingdown,columnsincreasingright,soUisup,decreasingrow,Dincreasingrow?Wait,maybebettertofixcoordinatestoavoidconfusion.Let'ssetcoordinatesystem:letcell(i,j)"
84,-11
85,T
86,16
87,withstandarddefinitions.Anobservationalstudy:researchersobservesubjectswithoutintervening;theycollectdataonvariablesastheynaturallyoccur.Anexperiment:researchersmanipulateone
88,Q
89,ationiscorrect.Letmeverify:20000+350*46=20000+16100=36100.Then350*46.5714вүҲ350*(46+0.5714)=16100+350*(0.5714)вүҲ16100+200=16300.So20000+16300=36300.Sothat'scorrect
90,7n+1
91,N
92,N
93,"eader,thentheseparator,thenthedatarows.Sohere:-Firstline:||$1$|$2$|$3$|$4$|$5$|$6$|$7$|вҶ’thisistheheaderrow,columnsarelabeled1to7(lefttoright)-Secondline"
94,X
95,",bypowerofapointE:EB*EC=EA*ED.That'sakeyequation!Let'snotethat:EB*EC=EA*ED.(1"
96,"heincreaseis13.6pounds.Thepercentageincreaseis(increase/originalweight)*100.Theoriginalweightistheweightbeforetheincrease,whichiscurrentweightminusincrease.So22.2-13.6"
97,n:$$r^2=8r\sin\theta$$Nowsubstituteusingtheidentities:$$x^2+y^2=8y$$---###Step2:RearrangeintoStandardCircleFormBringalltermstooneside:$$x^2+y^2-8y=0
98,I
99,-6
100,"+180/7=(630+180)/7=810/7grams.Thengoldis81grams,whichis81/(810/7)=(81*7)/810=567/810=0.7,whichis70%.Perfect,thatchecksout.Sotheamountofsilverheneedstoaddis"
101,C
102,A
103,"elevation.Yes,theproblemsays""45degreeupwardslope"",sotheanglebetweentheslopeandthehorizontalis45degrees.So,theelevationgainistheverticalcomponent,whichishypotenuse*sin"
104,"withacalculator.Let'sdo238.7*ПҖ=238.7*3.1415926535вүҲ238.7*3.1415926535.Let'scompute200*3.1415926535=628.3185307,38.7*3.1415926535вүҲ38*3.1415926535=119.3805208,0.7*3.1415"
105,вүҲ5.3333(16/3)^2=256/9вүҲ28.4444Fifthdatapoint:9494-263/3=(282/3-263/3)=19/3вүҲ6.3333(19/3)^2=361/9вүҲ40.1111Sixthdatapoint:9999-263/3=(297/3-263/3)=34/3вүҲ11.333
106,"rshalltakestocatchup.Then,distancecoveredbymarshall:16t.Distancecoveredbyrobber:13*(t+0.5)becausehehada0.5-hourheadstart.Settingthemequal:16t=13t+6.5.Then3t=6.5,so"
107,S
108,12x
109,S
110,"3,9"
111,"havetoworryaboutabsolutevalues).Letmeverifythatstepbystep.Let'stakethefourthrootof(8x^3)^4.Sincethefourthrootistheexponent1/4,so((8x^3)^4)^(1/4)=8x^3,because(a^b)^"
112,"al?Wait,no!Waitasecond:whenaplaneintersectsacube,theintersectionpolygon'sedgesareeachsegmentsthatlieonafaceofthecube?Wait,no!Wait,no,that'sacriticalmistake.Holdon:"
113,"et'splugx=-1.5intoourexpression.First,compute(-2x^2-16x-7)/25.x=-1.5,sox^2=2.25.Then-2*(2.25)=-4.5;-16*(-1.5)=24;so-4.5+24-7=(-4.5-7)+24=(-11.5)+24=12.5.Then"
114,A
115,"11.Thatseemsstraightforward,butlet'snotskipsteps.Maybecomputethedifferencebetweenx=1329andx=1328:"
116,6
117,V
118,"is:$$\frac{1}{9}\text{oftheroomperhour}$$Yourbrothercanpainttheentireroomin**6hours**,sohisrateis:$$\frac{1}{6}\text{oftheroomperhour}$$Whenworkingtogether,your"
119,D
120,"4вҮ’a+bвүЎ3mod4x=2:4+2a+bвүЎ0+2a+bвүЎ0mod4вҮ’2a+bвүЎ0mod4x=3:9+3a+bвүЎ1+3a+bвүЎ0mod4вҮ’3a+bвүЎ3mod4Fromx=0:b=4m,sosubstituteintox=1:a+4mвүЎ3вҮ’aвүЎ3mod4x=2:2a+4mвүЎ0вҮ’2"
121,35
122,55
123,X
124,S
125,L
126,138000
127,"0.2*10.7))=85(1-e^(-2.14)).e^(-2.14)isapproximatelye^-2.14.Let'scomputee^2.14.e^2is7.389,e^0.14isapproximately1.1503(sincee^0.1=1.1052,e^0.04вүҲ1.0408,so1.1052*1.0408вүҲ1.15"
128,/3=-1.Correct.Anothertest:y=1.Original:(1+3+3)/(1+6+9)-(12+3)/(1+6+9)=7/16-15/16=(-8)/16=-0.5.Simplified:(1-3)/(1+3)=(-2)/4=-0.5.Correct.Anothertest:
129,D
130,r^{42}
131,"Alternatively,usingacalculator:ifIhaveaz-scoreof1.235,thep-valueisP(Z>1.235)=1-ОҰ(1.235).Let'suseamoreaccuratevalue.Usingaz-tablewithmoredecimalplaces,oracalculator"
132,"08yardsis10.8miles.Letmeverifywithanothermethod.Let'stake1760yards=1mile.So1760*10=17600yards.19008-17600=1408yards.Now,1408yardsishowmanymiles?1408/1760=0.8"
133,forthefourthquadrant.---###Step3:ComputeEachFunction-**$\sin(\theta)$**:$$\sin\left(\frac{5\pi}{3}\right)=-\sin\left(\frac{\pi}{3}\right)=-\frac{\sqrt{3}}{2}$$-**$\cos
134,"hat:(16-12)=44/8=0.50.5*6=3SoMedian=25+3=28Wait,letmecheckagain.The16thtermisinthe[25,31)class.Thecumulativefrequencyuptothepreviousclassis12,sothe"
135,\dfrac{3}{5}
136,C
137,"208=2\times104$,theGCDis104.-Dividenumeratoranddenominatorby104:$$\frac{208\div104}{104\div104}=\frac{2}{1}$$---Thesimplifiedfractionsare:$$\boxed{\frac{2}{13"
138,"6(since44,100*0.1=4,410;44,100*0.06=2,646;4,410+2,646=7,056).Then44,100*0.0041.Let'scompute44,100*0.004=176.4,and44,100*0.0001=4.41,so176.4+4.41=180.81.Sototal"
139,",thesum"
140,2744
141,S
142,"7,8,9,10,11"
143,B
144,S
145,F
146,U
147,U
148,A
149,"tan(46В°):46degrees.Let'scomputeit.Yes,tan(45)=1,tan(46)вүҲ1.0355303138tan(32В°):tan(30)вүҲ0.577,tan(32)isabitmore.Let'scheck:tan(32)вүҲ0.6248693519Sod1=10.8/tan(46В°)вүҲ10"
150,E
151,"hatwouldbe(48Г·8)Г—6=6Г—6=36.Buttheproblemiswrittenas""48Г·(8)6"",whichmightbeasingleexpression.Let'ssee.Instandardorderofoperations,parenthesescomefirst.So(8)6вҖ”ifthe"
152,S
153,F
154,"morethan488.Now,thecostis$3.75perquart.So5quarts*$3.75=$18.75.Wait,letmecheckagain.Let'sverifytheareasstepbysteptomakesureIdidn'tmakeamistake.Ceiling:14ftx1"
155,"/1.1504вүҲlet'scomputethat.14dividedby1.1504.Let'ssee,1.1504*12=13.8048,whichiscloseto14.So12*1.1504=13.8048,so14-13.8048=0.1952.So0.1952/1.1504вүҲ0.17.SototalxвүҲ"
156,S
157,"tbeapointofconfusion.Wait,let'sthinkagain.Inverticalspringproblems,theequationofmotionis\(m\ddot{x}=-kx\)ifwetakexasdisplacementfromequilibrium,wherekisthespring"
158,C
159,0.0007
160,\dfrac{22+x}{y}
161,"talcontributionofa_ktoP-Qis(numberofodd|T|withmediana_k)*a_k-(numberofeven|T|withmediana_k)*a_k=[N_odd(k)-N_even(k)]*a_k,whereN_odd(k)isnumberofodd-sizedsubsets"
162,N
163,"Whichmatchestheexpandedform.Sothat'scorrect.Sothefactoredformis9(x-5)(x+4).Theproblemsays""writtenasA(x+B)(x+C)"".So(x-5)is(x+(-5)),soBis-5,and(x+4)is(x+"
164,N
165,B
166,175\left(\frac{1}{4}\right)^n
167,"nquadrantIV(since270В°to360В°isIV).SineisnegativeinIV.Correct.Secondone:209В°is180В°+29В°,soquadrantIII.CosineisnegativeinIII.Correct.Sotheanswersare:1.B.Negative2"
168,B
169,400
170,K
171,20
172,"sin\theta\cos\theta.$$Let$\theta=\cos^{-1}\left(\frac{11}{61}\right)$.Then,bydefinition,$\cos\theta=\frac{11}{61}$.---###Step1:Find$\sin\theta$UsingthePythagoreanidentity:"
173,N
174,\frac{7}{8}
175,A
176,\dfrac{p-6k-m}{8}
177,S
178,S
179,4
180,Anothertest:m=14.Original:(7/8)*(-4+(4/7)*14)=(7/8)*(-4+8)=(7/8)*4=28/8=7/2.Simplified:(1/2)*14-7/2=7-7/2=7/2.Correct.Sothatchecksout.Sothesimplifiedexpressionis
181,S
182,S
183,X
184,A
185,"Here,thedomainisopen:(-3,3).f(x)=xВІiscontinuousonthisinterval.Let'sseeifitattainsaminimum.ThefunctionxВІhasaminimumatx=0,whichisintheopeninterval(-3,3)(since0"
186,S
187,"thisisashotinthedark.Partd:Totalmisclassificationswithboundary0.5.Theholdoutsethas200cases.Formodel1,maybe25misclassifications;model2,20.Sotheanswerwouldbe25and20"
188,".6230.6331.6332.65Ah,sothereare32scoreslisted,buttheproblemsays""16recentgames"".That'sacontradiction.Maybetheuserintended32games?Because16gameswouldhave16scores"
189,850a+1200r=35000
190,-\frac{21}{8}
191,"apeachstatement.Statement1:neitherpositivenornegativeвҶ’0вҶ’D.So1вҶ’D.Statement2:irrationalвҶ’ПҖвҶ’A.So2вҶ’A.Statement3:rationalnumber.Well,allnumbersexceptAarerational.Butwe"
192,"6.74476.74+19.33=496.07496.07+21.67=517.74517.74+28.68=546.42Sototalsumis546.42.ThensamplemeanxМ„=546.42/25=let'scomputethat:546.42Г·25.25*21=525,so546.42-5"
193,E
194,.5-225+72+6.Calculate:-62.5+212.5=150;150-225=-75;-75+72=-3;-3+6=3.Soy=3atx=5.x=6:-0.1(1296)+1.7(216)-9(36)+14.4(6)+6=-129.6+376.8-324+86.4+6.Stepbystep:-129.6+376.8=247
195,044.04+0.01=4.054.05+0.01=4.064.06+0.81=4.874.87+0.01=4.884.88+1.21=6.096.09+0.81=6.90SoSS1=6.90.Formales(n2=10):EachdatapointminusxМ„2(5.5):6-5.5=
196,"bisadjacenttoangleA,right?BecauseintriangleABC,right-angledatC,sideaisoppositeA(soBC),sidebisoppositeB(soAC),hypotenuseAB=c=18.SoangleAisatvertexA,sothesides"
197,(C(4)=8*(16)-56*(4)+115=128-224+115=(128+115)-224=243-224=19\).Sothat'salso$1900.Whataboutx=3.5?Let'scheck:\(C(3.5)=8*(12.25)-56*(3.5)+115=98-196+11
198,"integers,yes,1,2arepositive.Wait,butholdon,let'schecktheothersubcaseforn=1:m=3,n=1.Thenf(x)=xвҒҙ-4xВі-4x-1.Checkrationalroots:f(1)=1-4-4-1=-8вү 0,f(-1)=1+4+4-1=8вү 0,sonolinear"
199,"at.Let'sletвҖҷsdefinealocalcoordinatesystematE.LetвҖҷsletvectorEAhavelength26,solet'sletpointEbeat(p,q),thenvectorEAisA-E=(7-p,7вҲҡ3-q),whichhaslength26,so(7-p"
200,S
201,"40=80\),whichmatches.Sothat'stheonlypair.Ifwetried\(b=16\),\(d=4\),then\(ad+bc=5Г—4+5Г—16=20+80=100\),whichistoobig.\(b=32\),\(d=2\):\(5Г—2+5Г—32=10+160="
202,\frac{54}{35}
203,S
204,S
205,\dfrac{11}{20}
206,{7}\cdot\sqrt{11}=\sqrt{77}$-**Last**:$\sqrt{7}\cdot(-\sqrt{7})=-(\sqrt{7})^2=-7$---###Step2:Combineallterms$$11-\sqrt{77}+\sqrt{77}-7$$The$-\sqrt{77}$and$+\sqrt{7
207,"inkthat'sit.Letmejustrecap:thegivenlinehasslope5/6,soperpendicularslopeis-6/5.Theslopebetween(-3,k)and(1,-2)is(-2-k)/4,setequalto-6/5,solvefork,get14/5.Yep,that"
208,"/180)=(196/180)ПҖ=(49/45)ПҖradians.Thens=rОё_radians,sor=s/Оё_radians=16/[(49/45)ПҖ]=(16*45)/(49ПҖ)=720/(49ПҖ).Whichisthesameasbefore.Sothat'sapproximately720/(49*3"
209,B
210,"rt(99)=3sqrt(11),right?Because99=9*11,sosqrt(99)=3sqrt(11).Let'scheckthat:sqrt(3)*sqrt(33)=sqrt(3*33)=sqrt(99)=sqrt(9*11)=3sqrt(11).Yes,correct.Denominator:1-tanAtanB"
211,P
212,J
213,\frac{2}{9}
214,"estdivisortocheck"".Wait,butintheproblemstatement,itsays""thehighestdivisortocheck"".Wait,butinthecontextofprimedivisors.Becausewhenyoucheckforprimality,youcheckprimediv"
215,"squarebothsides:(0.0258)^2=0.5/n0.00066564=0.5/nThenn=0.5/0.00066564вүҲ751.5Sincesamplesizemustbeaninteger,weroundupto752.Wait,butletmecheckifthat'scorrect"
216,60
217,T
218,"approximately0.775radians,butmaybetheywanttheexactvalueintermsofinversesine?Wait,theproblemsays""findasolution"",sotheexactsolutionisОё=arcsin(7/10)+2ПҖnor"
219,27
220,A
221,2750
222,S
223,N
224,2643
225,"2-35)/6=7/6вүҲ1.1667Now(y_i-Иі):y=6:6-5=1y=7:7-5=2y=3:3-5=-2y=6:6-5=1y=5:5-5=0y=3:3-5=-2Nowcompute(x_i-xМ„)(y_i-Иі)foreachpair:1.(8,6):(1"
226,8
227,C
228,v^7
229,"anedgeinT.ButTisatree,soit'saspecificgraphonnverticeswithn-1edges,nocycles.Butthekeyisthatforthegivenz's,weneedapolynomialP(X,Y)suchthatP(z_i,z_j)=0exactlywhen"
230,"вүҲ1+0.47+0.11045+0.017вүҲ1.597,whichiscloseto1.6.Soln(1.6)вүҲ0.4700.SoxвүҲ(-1.1394)/0.4700вүҲ-2.424.Letmecheckwithmoreprecisevalues.Usingacalculator(ifIhadone),ln(0.32)"
231,"rac{n(\Sigmaxy)-(\Sigmax)(\Sigmay)}{n(\Sigmax^2)-(\Sigmax)^2}\)Let'spluginthenumbers.First,computenumerator:n(ОЈxy)-(ОЈx)(ОЈy)=7*135-19*43.Calculate7*135:7*100=700,7*35=24"
232,3
233,C
234,29x^7+6x^5
235,U
236,</think>Thefunction$T(s)=(6s^{-3})(es^{-3})$simplifiesbymultiplyingtheconstantsandaddingtheexponentsof$s$.Thisyields:$$T(s)=6e\cdots^{-6}$$Thisisintheform$T(s
237,50
238,"Thirdterm:62xВІAddthemup:(-61xВІ-61x)+(61x+61)+62xВІ=(-61xВІ+62xВІ)+(-61x+61x)+61=xВІ+0x+61.Perfect,that'stheleftside.Sothedecompositionis(-61)/x+61/xВІ+62/(x+"
239,"hesquarerootofthat,whichissqrt(12.053571)вүҲ3.472.Wait,butholdon.Iftheoriginalstandarddeviationwasthesamplestandarddeviation(usingn-1),thenthesumofsquareddeviationswould"
240,"dminimumvaluesofthefunction.Let'sfindthemaxandminh.Lookingatthehvalues:thehighestis8.2(att=3andt=15),thelowestis1.6(att=9).Wait,let'scheckallvalues:h:4.9,6.9,7"
241,M
242,ier.Firsttwo:221+221=442Next:223+226=449(totalsofar:442+449=891)Next:230+233=463(total:891+463=1354)Nextthree233s:233*3=699(total:1354+699=2053)Next:
243,"gettingaz-scorelessthan1.24?Wait,no.Wait,noвҖ”P-valueistheprobabilityofgettingateststatisticasextremeormoreextremeinthedirectionofthealternative.Inaleft-tailedtest(Ha:"
244,S
245,980
246,19
247,"B=2474/65-1\).Let'scomputethat:2474dividedby65.65*38=2470,so2474/65=38.0615...So\(B\approx38.0615-1=37.0615\).Butmaybewedon'tneedtocompute\(B\)yet.Theproblem"
248,"ctorsbythesameangleОё,thenthevisibilityofapointpisthenumberofpointsqsuchthatqisinthesectorcenteredatpwithangleОұ,rotatedbyОё.Wait,butactually,maybeit'ssimpler:for"
249,S
250,"nremoveanyoccurrenceof123,231,or312.Let'sseewhathappenswhenweremovethem:eachremovalremoves3characters,sothetotallengthdecreasesby3eachtime.Startingfromlength15,which"
251,172.7
252,"hichimpliesindependence)-Normalityofthepopulations-Equalvariances(homogeneity)Soyes,Clistsindependentsamples(whichimpliesrandomsamplingandindependence),normalpopulations,and"
253,A
254,C
255,S
256,30
257,"aces),theintervalwouldbe(2.52,3.00).Letmecheckwithmoreprecisecalculation.Let'scomputeSE:0.51/sqrt(30)=0.51/5.477225575вүҲ0.09306.z*for99%is2.5758(moreprecisevalue).So"
258,S
259,"Total\\\hline~(\%)&~(\%)&~(100\%)\\\hline\end{array}$SimilarlyforCandD.SoallB,C,DhavetheTotalas~(100%),butAhas0(100%).SoAisincorrectbecausethetotalpercentage"
260,8
261,".Sotheanswershouldbe4.</think>Todeterminethenumberofintegersbetween$\sqrt{3}$and$\sqrt{32}$,webeginbyapproximatingthesesquareroots:-$\sqrt{3}\approx1.732$-$\sqrt"
262,7
263,E
264,256\pit^2
265,D
266,A
267,Y
268,14
269,"(sincez_0.05is1.645,z_0.04ishigher).Fortwithdf=47,whichislarge,it'scloseto1.75.Letmecheckwithat-table.Lookingupat-table:fordf=40,thecriticaltfor0.05(one-tailed)"
270,"rox34.5-(1.25)/(2*34.5)\)bylinearapproximation,butmaybebettertousecalculator-likesteps).34^2=1156,34.5^2=1190.25,so1189is1.25lessthan1190.25,so\(h_1\approx34.5-(1.25"
271,"4,0,4.Theproblemsaystoseparatemultipleanswersbyacommaseparatedlist.Sotheanswershouldbe-4,0,4.Wait,letmecheckifthere'sanyotherpossiblesolution.Forexample,couldthere"
272,X
273,",$\frac{\sin(x)}{\csc(x)}=\sin(x)\cdot\sin(x)=\sin^2(x)$-Also,$\sec(x)=\frac{1}{\cos(x)}$,so$\sec(x)\cos(x)=\frac{1}{\cos(x)}\cdot\cos(x)=1$Thus:$$\sin^2(x)-"
274,K
275,"multipleof9,yes,that'strue(sinceresiduesmod9cycleevery9,so10numbersmustcoverallresidues).Butwait,isthegapbetweenmultiplesof9always9?Yes,somaxgap9,k=10.Butform="
276,",thereisnoy-intercept.Sosummarizing:x-interceptis1373/2744,y-interceptdoesnot"
277,"sectorworker'ssalary,westartwiththegiveninformation:-Thegovernmentworker'saveragesalaryis\$44,232.00peryear.-Thissalaryis**14%higher**thantheprivate-sectorworker'ssalary"
278,"ofalogarithm:$$\log_a38=-1\iffa^{-1}=38$$Thisimplies:$$\frac{1}{a}=38\quad\Rightarrow\quada=\frac{1}{38}$$Thus,thevalueof$a$is$\frac{1}{38}$,andtheproblemasks"
279,N
280,X
281,"s-cotx,whichisnegative),andthefourthtermissin(-x)whichisnegative.Wait,no:let'slisteachterm'ssign:sec(-x)=1/cosx(positive,sincecosxispositivehere,0.8870)csc(-x)=1/s"
282,A
283,"year-old,a=45.Then220-a=220-45=175.Thenrate=p*(220-a)=65*175.Let'scalculatethat.65*175.Let'sdo60*175=10,500and5*175=875,sototalis10,500+875=11,375.That'sway"
284,X
285,"dardorthogonalityrelationforadditivecharacters.Inourcase,n=3вҒ·,f(x)=xВі,andwehavethreevariables,eachxвҲҲ{1,2,...,3вҒ¶}.Let'sdenoteforeachvariable,thesumoverx=1to3вҒ¶ofe^(2"
286,O
287,"ulais\(n=\left(\frac{z^*}{E}\right)^2\hat{p}(1-\hat{p})\).Wait,let'smakesure.Themarginoferrorforaproportionis\(E=z^*\sqrt{\frac{\hat{p}(1-\hat{p})}{n}}\),sosolving"
288,A
289,"perimeter.Let'sdoitcarefully.Letwidth=w.Thenlength=5w-4.Perimeter=2*(length+width)=2*(5w-4+w)=2*(6w-4)=12w-8.Correct.Perimetermustbebetween40and100,so40<1"
290,T
291,"s:16*(2)ВІ=64.Wait,buttheproblemsaysthesecondseconditfalls48feet.Wait,holdon,that'saconfusionhere.Wait,no.Wait,theproblemsays""fallsapproximately16feetthefirstsecond"
292,"at'stheidentityfortan(270В°+Оё)?Irememberthattan(270В°+Оё)=cotОё,butwait,no.Let'srecalltheunitcircle.270В°+ОёisinthefourthquadrantifОёispositivebutsmall.Wait,270В°+15В°"
293,"itfunction.Forexample,iftheprofitfunctionisthenetworth,thenatt=0,networthis-4300(debt),andatt=4,networthis0(sincethey'veaccumulatedprofitof3800,sodebtis4300,profit"
294,"as44and7.182as7.2,44/7.2isabout6.11,stillnotawholenumber.IfItake43.22as43.2and7.182as7.1,43.2/7.1isapproximately6.08,whichiscloseto6,but7.1is0.082lessthan7.18"
295,Y
296,",uniformonallsides.Letfactoryhavedimensions:let'ssaylength=B,width=A,soA<B(asperproblemstatementlater).Then,thetotallengthofthelot(theouterdimension)shouldbeA+"
297,"4,5):2*0.51=1.020.52appears1time(position8):0.520.53appears1time(position9):0.53Totalsum:2.16+1.10=3.26;3.26+1.02=4.28;4.28+0.52=4.8;4.8+0.53=5.33.Yes,that"
298,B
299,\text{no}
300,6500
301,"Soe^1.97=e^(2-0.03)=e^2/e^0.03вүҲ7.389056/1.03045вүҲ7.389056/1.03045вүҲlet'sdivide7.389056by1.03045.1.03045*7=7.21315,7.389056-7.21315=0.175906.1.03045*0.17=0.1751765"
302,Q
303,S
304,A
305,G
306,X
307,4/3
308,"eADgoesfromD(0,0)toA(p,q),sointhefirstquadrant(ifwetakep>0,butwait,actually,Acouldbeoneithersideofy-axis?Wait,no,DisonBC,soBCisasegment,DisbetweenBandC,so"
309,"lookatthehundredsdigit.Ifit's5ormore,weroundupthethousandsplaceby1;otherwise,werounddown.Here,thehundredsdigitis0,whichislessthan5,sowerounddown.So90,073rounded"
310,"x"".Wait,maybetheproblemiswrittenwiththeblanksforbandm?Wait,theuserwrote:""[ANS]+\Big($[ANS]$\Big)x"".Oh,okay,sothefirstblankisb,thesecondblankism(thecoefficientofx"
311,1585
312,"odifferentprimespвү qandtwofunctionsf_p,f_q(nonconstant,periodsp,q)thatagreeonallx_i,thenBananacouldchooseeitherporq,pickf_porf_q,andgivethesamevaluestoAna,whowouldn"
313,13}{15}\right)^2=\frac{169}{225}$$Nowsolvefor$y^2$:$$y^2=1-\frac{169}{225}=\frac{225-169}{225}=\frac{56}{225}$$Takethesquarerootofbothsides:$$y=\pm\sqrt{\frac{56
314,-4
315,A
316,A
317,F
318,"th:diameteris15,soradius15/2,correct.Soequationshouldbe(x-0)^2+(y-15/2)^2=(15/2)^2.Nowexpandleftside:xВІ+yВІ-2*y*(15/2)+(15/2)^2=xВІ+yВІ-15y+225/4.Rightsideis225"
319,"tement1:""Thestandarddeviationwillalwaysexceedthatofthevariance.""Asin,SD>variance?Butinthecasewherevarianceis0.25,SDis0.5,soSD>variance.Butwhenvarianceis4,SDis2<"
320,(t)=0.75.Let'ssetuptheequation:(tВІ-t+1)/(tВІ+1)=0.75.Multiplybothsidesby(tВІ+1):tВІ-t+1=0.75(tВІ+1).Expandrightside:0.75tВІ+0.75.Bringalltermstoleft:tВІ-t+1-
321,X
322,"Lto3L(pen3),x=3Lto4L(pen4),eachwithheightW(yfrom0toW).Now,let'scountallthefencesegments:-Topfence:fromx=0to4Laty=W:length4L-Bottomfence:fromx=0to4Laty=0:"
323,heintervalwherefloor(x/2)=n.Forn=-8:floor(x/2)=-8вҮ’-8вүӨx/2<-7вҮ’-16вүӨx<-14.n=-7:floor(x/2)=-7вҮ’-7вүӨx/2<-6вҮ’-14вүӨx<-12.n=-6:floor(x/2)=-6вҮ’-6вүӨx/2<-5вҮ’-12
324,H
325,"ossiblemilesdrivenwherethemodelisvalid.Sincethecarusesgasataconstantrate,themodelisvaliduntilthetankisempty.Let'sfindwhenthegasisempty:sety=0.0=-0.05x+140"
326,0.06
327,7.6
328,"hentodayIpay5*f(x).Sotheamountpaidtodayis5*f(x).Wait,butthefunctionoptionsare(i)f(x+5),(ii)f(x)+5,(iii)f(5x),(iv)5f(x).SoCwouldmatch(iv)5f(x).Hmm,butwait,theproblem"
329,E
330,=234;0.3*(676)=202.8;0.0015*(17576)=26.364;so234+202.8=436.8;436.8-26.364=410.436;410.436-427=-16.564.Stillnegative.x=27:9*27=243;0.3*(729)=218.7;0.0015*(19683)=29.5245;243+
331,C
332,"string""1100001010""andindexfromleft(0)toright(9).Wait,maybethat'stheconfusion.Alternativeapproach:Writethebinarynumberandconverteachdigittoitsplacevalue.Forexample,the"
333,62
334,X
335,S
336,S
337,V
338,origin
339,Z
340,"ВІ.TheregressionsumofsquaresSS(R)=[ОЈ(x_i-xМ„)(y_i-Иі)]ВІ/SS(x)=[r_xy*sqrt(SS(Total))*sqrt(SS(x))]ВІ/SS(x)=r_xyВІSS(Total).Wait,let'ssee:r_xy=[ОЈ(x_i-xМ„)(y_i-Иі)]/[sqrt(ОЈ"
341,"henumerator.вҲҡ(xВі)=x^(3/2)=x*x^(1/2)=xвҲҡx,butmaybeexpressDintermsofвҲӣx?Wait,maybenot.Wait,butearlierwesawthatifu=вҲӣx,thenN=uВІ-5u+25,anduВі+125=(u+5)(uВІ-5u+"
342,5.\text{positive}
343,"""Youneedtouseallpolynomialsandalldescriptions.""Soeachpolynomialisaspecificpolynomial,andwehavetomatchbasedontheirproperties.Let'slisteachpolynomial'sproperties:A.\(x^"
344,-5
345,\frac{5}{6}
346,0.007
347,A
348,S
349,-\frac{2}{15}
350,".10Г·2=5rem0.5Г·2=2rem1.2Г·2=1rem0.1Г·2=0rem1.Sotheremaindersfromlasttofirst:101001101.Let'scheck:256(2^8)+64(2^6)+4(2^2)+1(2^0)=256+64=320,320+4=324,3"
351,S
352,68
353,B
354,"soprobablykilograms.Butinthecontextoftheproblem,theymightexpectkilograms.Alternatively,maybe""tonnes""butno,thesun'smassiswaymorethanthat.Sokilograms.Fifth:Theweightfor"
355,X
356,I
357,"(t)=320e^{-(ln2/4)*t}\).For\(t=49\),thisis\(320e^{-(ln2/4)*49}=320(e^{ln2})^{-49/4}=320*2^{-49/4}\),whichisthesameasbefore.So\(2^{-12.25}=1/2^{12.25}\"
358,S
359,T
360,M
361,180-7x
362,(6x-5y)(6x+5y)
363,"then0.7921*0.89.Let'sdo0.7921*0.9=0.71289,minus0.7921*0.01=0.007921,so0.71289-0.007921=0.704969.So0.89^3вүҲ0.704969.Then0.89^6=(0.704969)^2.Let'scomputethat:0.7^2=0.49,0.00"
364,"1.Thefunctionisdefinedfor**every**integer$n\in\mathbb{Z}$,and2.Eachinteger$n$mapsto**exactlyone**realnumber.---###[ANS]1.$f(n)=\frac{1}{n^2+6}$-Forall$n\"
365,"),buttheoriginalfunctioniseven,soit'ssymmetricoverthey-axis.Sothiswouldshowonlytherighthalf,buttheproblemsays""themostappropriategraph"",whichprobablywantsthefullgraph"
366,X
367,"sin60cos0.3+cos60sin0.3.cos0.3В°вүҲ0.99998,sin0.3В°вүҲ0.005236.Sosin(60.3В°)вүҲ0.8660*0.99998+0.5*0.005236вүҲ0.8660+0.002618вүҲ0.868618.Oh,that'sverycloseto0.868632.Sosin(60.3В°)вүҲ"
368,D
369,k=2
370,10
371,"xpectadecimalnumber,mayberoundedtotwodecimalplaces.Wait,let'sverify.Iftisapproximately7.407,thenPrt=402*0.09*7.407.Let'scomputethat.402*0.09=36.18.36.18*7.407вүҲ36"
372,"377.Weknow79.85^2=6376.0225,so6376.0225+159.7О”+О”^2=6377.IgnoringО”^2,159.7О”вүҲ0.9775,soО”вүҲ0.9775/159.7вүҲ0.00612.SoвҲҡ6377вүҲ79.85+0.00612вүҲ79.8561.Soapproximately79.856.So"
373,Maybegroupthemintochunkstomakeiteasier.Firstrow(7numbers):58.06+52.42=110.48110.48+48.16=158.64158.64+55.15=213.79213.79+56.49=270.28270.28+47.9=318.18318
374,"lineisprobablysupposedtobethetotal,buttheproblemsays""registeredIndependentvoters""whichis1240,butthat'sgiven.Wait,maybetheusermadeatypo.Butregardless,basedontheproblem"
375,A
376,"sabiggergcd!10.Wait,(1,2,5):gcd(30,10)=10.Hmm,isthatright?30dividedby10is3,10dividedby10is1,yes,gcdis10.Wait,let'scheck(1,3,3):sum=1+9+9=19,abc=9,gcd=1.(1,3,4):sum"
377,Y
378,"ely(battingaverage)asafunctionofx(gameswon).Butthequestioniswhethergameswonisrelatedtobattingaverage,whichisthesameassayingbattingaverageisrelatedtogameswon,butthe"
379,480
380,.Similarlyfortheothers.Sotheanswersare:75mL=0.075L239mm=0.239m32kg=32000g1671cm=16710mm38km=38000m2.48g=0.00248kg52L=52000mLSothe[ANS]valuesare
381,2040
382,.4w=33.Sow=33/5.4.Let'scomputethat.33dividedby5.4.Multiplynumeratoranddenominatorby10toeliminatedecimal:330/54.Simplify:dividenumeratoranddenominatorby6:55/9вүҲ6
383,"atable,eachcellisuniqueinitsrowandcolumn?Wait,no,theproblemsays""filledwithpositiveintegers""вҖ”itdoesn'tsaydistinctentries,butwait,divisorsofanumberaredistinct,soeachrow"
384,",soe^(5x+3)=11/32,then64*(11/32)=22,whichmatchestheoriginalequation.Sothat'scorrect.Sotheexactsolutionisxequals(ln(11/32)minus3)dividedby5.Sowrittenas[ln(11/32)-"
385,"eingselected,andallsamplesofsizenareequallylikely.SomaybebothAandBarecorrect?Wait,buttheoptionshere:thequestionisfromamultiplechoicewhereDis""Alloftheabove"".Wait"
386,"thanthreelines,therearenosuchtriangles,sotheconditionisvacuouslysatisfied.Butforn=2,eachlinehasatleastoneredandoneblue,soShasatleasttworedandtwobluepoints(oneper"
387,-230
388,"226.9.1*0.3226вүҲ2.935.SoвүҲ2.94%.N=135:1-135/155=20/155вүҲ0.1290.9.1*0.1290вүҲ1.173.SoвүҲ1.17%.N=155:1-155/155=0,so0%.Letmeverifythecalculationsmoreprecisely.First"
389,A
390,-\frac{15}{14}
391,Z
392,81
393,"tionisf^{-1}(x)=(1/10)arccos[(x-6)/16],anditsdomainis[-10,22].LetmejustmakesureIdidn'tmakeamistakeinthesteps.Let'sverifywithasamplevalue.Supposex=0.Thenf(0)=16"
394,X
395,A
396,"(-3,5]"
397,\dfrac{2048}{3}\pi
398,A
399,S
400,S
401,"valueintermsofПҖ,butno,degreesareaunit.Wait,forexample,ПҖradiansis180В°,so1radianis180/ПҖdegrees.So5/2radiansis(5/2)*(180/ПҖ)=450/ПҖdegrees.But450/ПҖisapproximately143.24"
402,S
403,A
404,52
405,A
406,"rms"",sointheordergiven,whichweused,anditworks.Butwait,isthereapossibilitythattheproblemmeanttheyarethreeconsecutivetermsbutnotnecessarilyintheorderlisted?Let'sthink"
407,A
408,"Let'sassumethat.So0.\overline{5816}.Let'scheck.Letx=0.581658165816...Sincetherepeatingcycleis4digits(5816),multiplyby10^4=10000:10000x=5816.581658165816...Subtractx:9"
409,0+b1x_iForx=-1:Е·=-0.9744+1.03488*(-1)вүҲ-0.9744-1.03488вүҲ-2.00928.Residuale_i=y_i-Е·_i=-3-(-2.00928)вүҲ-0.99072.e_iВІвүҲ0.9815x=2:Е·=-0.9744+1.03488*2вүҲ-0.9744+2.06976вүҲ
410,4
411,"2is392,90dividedby2is45.So392/45ПҖisthesimplifiedfraction.Is392and45coprime?Let'scheck.45factorsare3,3,5.392dividedby3is130.666...,notinteger.392dividedby5is7"
412,",cos(Оұ-ОІ)=(4вҲҡ78-35)/72"
413,",s_d=sqrt(5.642857)вүҲ2.375"
414,C
415,A
416,"ind$\gcd(672,462)$:$$\begin{align*}672&=1\cdot462+210\\462&=2\cdot210+42\\210&=5\cdot42+0\end{align*}$$Sincetheremainderbecomeszeroatthelaststep,theGCDis$42"
417,"etmecheckthatdivision:506.8Г·523.8.Let'ssee,523.8*0.96=523.8*0.9+523.8*0.06=471.42+31.428=502.848.Then506.8-502.848=3.952.So3.952/523.8вүҲ0.0075.SototalFвүҲ0.96+"
418,"table:z=1.75correspondsto0.9599(areatotheleft),z=1.76correspondsto0.9608.So0.96isbetween1.75and1.76.Let'sinterpolate.Thedifferencebetween0.9608and0.9599is0.0009for0.01z"
419,"onsarevisibleateverymoment"",soaftereachmove,wehaveaposition,andwecheckiftheyareequal.Let'sdefinethegamestepbystepwithturnorder:-Initialstate:beforeanymoves,Alice"
420,H
421,",cos(ПҖ)=-1,soifОёisclosetoПҖ,cosОёiscloseto-1.Let'ssee:cosОё=-4вҲҡ5/9.вҲҡ5isabout2.236,so4вҲҡ5isabout8.944,so8.944/9isabout0.994,socosОёisabout-0.994,whichiscloseto-1"
422,"4blackcubes.Okay,thatmakesmoresense.Soingridterms,foralla,b,cвҲҲ{0,1,...,2N-1},thesetS(a,b,c)={(a+i,b+j,c+k)|i,j,kвҲҲ{0,1}}has|S(a,b,c)вҲ©black|вүӨ4.Weneedtomaximizethe"
423,-0.5
424,statistic
425,7
426,numberoflegsis22morethantwicethenumberofheads*.Thisgivestheequation:$$4c+2h=2(c+h)+22$$---###Step2:SimplifytheequationExpandtheright-handside:$$4c+2h=2c
427,B
428,\frac{43}{55}
429,A
430,O
431,",(logвӮҒвӮҒ(42))/(logвӮҒвӮҒ(5))=(logвӮҒвӮҒ(p))/"
432,"darctan(k)+ПҖ.Fortanx=k(negative):-Letk=-mwherem>0,thensolutionsareПҖ-arctan(m)and2ПҖ-arctan(m).Yes,that'scorrect.Solet'scomputetheangles.First,computearctan(2"
433,S
434,A
435,"75.Letmecheckwithacalculator:sqrt(0.0003124)вүҲ0.01767.Soapproximately0.01767.Now,themarginoferror(ME)isz**SE=2.576*0.01767вүҲlet'scomputethat.2.576*0.01767.Let'sdo2*"
436,20
437,"78+1.625)=(76.375,79.625).Wait,letmecheckwithmoreprecisecalculationstobesure.First,computeSE:Пғ/sqrt(n)=17/sqrt(420).Let'scomputesqrt(420)exactly.sqrt(420)=sqrt(4*1"
438,1
439,-\frac{4}{13}
440,S
441,",thatmatches.So,weneedtoadd260gramsofthe4%solution.Wait,letmejustmakesureIdidn'tmakeamistakeinthecalculation.Let'sgothroughthestepsagain.Originalalcohol:140*0"
442,Y
443,S
444,"condone:quotient112,remainder61.Thirdproblem:56|8331.Let'sfindquotientandremainder.Let'sestimate.56*100=5600,56*150=8400,whichismorethan8331.So56*148=?Let'scompute56*140"
445,A
446,"so177/86вүҲ2.0581.Then,bвӮҖ=Иі-bвӮҒxМ„=13.2-(177/86)*5.Let'scomputethat.177/86isapproximately2.0581,so2.0581*5вүҲ10.2905.Then13.2-10.2905вүҲ2.9095.Let'sdoitmoreprecisely.177"
447,x\leq4
448,"educedform.Sothefunctionisarationalfunction,anditsreducedformis(xВі-4xВІ-6x+30)dividedby(x-5)(x-4).Letmewritethedenominatorasapolynomial:(x-5)(x-4)=xВІ-9x+2"
449,"eformulaforthep-value.Forz=3.586,thep-valueisverysmall.Let'ssayapproximately0.0002(sinceforz=3.5,p-valueisabout0.00023,andz=3.6isabout0.00015).So3.586isbetween3.5and"
450,D
451,"en.Sothatchecksout.Sothefrequencyfor10-14is14,whichwefound.Fifthrow:15-19hasfrequency11.11/62вүҲ0.177419355.Sixthrow:20-25hasfrequency4.4/62=2/31вүҲ0.064516129.Letme"
452,42
453,"1,thena_{n+1}=a_n,soa_{n+2}=ra_n+sa_n=(r+s)a_n,sod_{n+1}=a_{n+2}/a_{n+1}=r+s,whichiseven?Wait,randsareodd,sor+siseven,sod_{n+1}iseven.Butmaybed_ncanbe"
454,"TotalcreditsforSamantha:4+2+4+3+3=16creditsSoSamantha'sGPA=15.0/16=0.9375Wait,letmeverifythecredits:4+2=6,6+4=10,10+3=13,13+3=16.Correct.Totalpoints:8+4=12,12"
455,C
456,.088571вүҲ-0.058571вҶ’squaredвүҲ0.0034337.02-37.088571вүҲ-0.068571вҶ’squaredвүҲ0.0047Nowsumthesesquareddifferences:0.1146+0.00343=0.11803+0.3862=0.50423+0.0736=0.57783+0.1358
457,Y
458,"vertices),andatthesamepositionalongthatedge(notattheendpoints).Whenisthatpossible?SupposetwoassistantsareonthesameedgeattimeП„.Let'ssaytheedgeisbetweenverticesAand"
459,A
460,F
461,"Thez-tabletypicallygivestheareatotheleft.Let'scheck:z=2.17:0.9850(exactly).Wait,wait,maybeIneedtobeprecisehere.Wait,let'srecallthatthez-scorefor95%is1.96(since0.9"
462,"-72)=sqrt(-16),undefined.Good.x=-7:g(-7)=49-(-7)=49+7=56.Thenf(g(-7))=sqrt(56-56)=sqrt(0)=0,whichisdefined.x=8:g(8)=64-8=56.Thenf(g(8))=sqrt(56-56)=0"
463,A
464,Z
465,N
466,26.9
467,"33вүҲ5.3666,closeto5.4.Sothisisabetterapproximation.Alternatively,maybetheproblemexpectsasimplelinearfitwiththegivendata,solet'ssee.Let'slistthedatapoints:w:100,120"
468,"Calculatingthelowerbound:0.7765-0.105вүҲ0.6715.Upperbound:0.7765+0.105вүҲ0.8815.Wait,butlet'scheckifthesamplesizeislargeenough.Theconditionsforthenormalapproximationare"
469,"3/400,so63/400A.Let'snotethat63dividedby400is0.1575,soeitherway.Maybetheproblemacceptseither,butlet'spickone.Wait,intheproblemstatement,theysay""stainthatcosts$31.5"
470,"alueisthevaluesuchthattheareaintheuppertailisalpha/2=0.01.Soweneedthet-valuewithdf=11whereP(T>t)=0.01,whichisthesameasP(T<t)=0.99.Lookingupat-table:fordf=1"
471,P
472,A
473,"leinterval):leftsideis25+13*(-5)+22=25-65+22=(25+22)-65=47-65=-18.Rightsideis3*(-5)+1=-15+1=-14.So-18вүӨ-14,whichistrue.Takeu=-8(leftinterval):leftsideis6"
474,S
475,"y+вҲҡ3=0,sodistanceis|-вҲҡ3-вҲҡ3|/вҲҡ(3+1)=|-2вҲҡ3|/2=вҲҡ3.Similarly,secondedgey=вҲҡ3/2ishorizontal,fifthedgey=-вҲҡ3/2ishorizontal,sothoseareopposite,distancebetweenthem"
476,Z
477,\text{C}
478,-\frac{3}{10}
479,errorfor90%:ME_90=t**SE(МӮОІвӮҒ)=1.729*(7.3/sqrt(59))WealreadyapproximatedSE(МӮОІвӮҒ)as0.951.Let'scomputeitmoreprecisely.sqrt(59)=7.681145747868608So7.3/7.681145747868608вүҲ
480,2.5
481,A
482,J
483,Y
484,S
485,"et$S$bethetime(inminutes)ittakes**Stan**tomowtheentirelawnbyhimself.Then:-Stan'srateis$\frac{1}{S}$lawnsperminute.-SinceHildaworks**twiceasfast**asStan,herrate"
486,I
487,"5Thirddatapoint:(4.6,198)x_i-xМ„=4.6-4.425=0.175y_i-Иі=198-202=-4Product:(0.175)(-4)=-0.7Fourthdatapoint:(6.7,187)x_i-xМ„=6.7-4.425=2.275y_i-Иі=187-2"
488,"ersectionswithothern-1lines),thehousesareinalinearorderalongtheline,sochoosingadirectionforthelinecorrespondstochoosingalinearorderonthosen-1houses(thedirectionis"
489,385
490,410
491,"allythepercentagewithin2standarddeviationsforanormaldistribution.Let'scheck:thez-scorefor95.44%is2.Becausetheareabetween-2and2is0.9544(since0.9544=1-2*(0.0228),and0"
492,A
493,"\sqrt{0.0244*0.001488}вүҲ\sqrt{0.0000363}вүҲ0.006025\)Then,\(\hat{p}_1-\hat{p}_2вүҲ0.0911-0.00264вүҲ0.08846\)Sotheteststatistic\(zвүҲ0.08846/0.006025вүҲ14.68\)Wait,thatseems"
494,0.062
495,"henumberofcategories.Herek=3,sodf=2.Correct.Thecriticalvaluefordf=2,alpha=0.05isindeed5.991(sometimesroundedto6.00,buttheexactvalueis5.99146).Sotheteststatisticis0.25"
496,"neis-xвӮҒ/yвӮҒ(perpendicular).Sotheequationisy=(-xвӮҒ/yвӮҒ)(x-xвӮҒ)+yвӮҒ.Thislinepassesthrough(18,0),soplugginginx=18,y=0:0=(-xвӮҒ/yвӮҒ)(18-xвӮҒ)+yвӮҒMultiplybothsidesbyyвӮҒ:0=-x"
497,D
498,"15,frequencyof15mustbegreaterthanfrequencyofeveryothernumber.Soiffrequencyof15is2,thenallothernumbersmustappearatmost1time.Iffrequencyof15is3,allothersatmost2"
499,"(2)вүҲ2.9444-0.6931=2.2513.Wait,maybebettertouseacalculator-likeapproach.Alternatively,usetheformula:k=(1/7)*ln(352.7/36.9).Let'scompute352.7/36.9first.Let'sdo352.7Г·"
500,X
501,D
502,"ptotesat\(x=0,1,2,\ldots\),sothedistancebetweenasymptotesis1,whichistheperiod.Thatmakessense.Soapplyingthattoourproblem:thecoefficientof\(x\)insidethetangentis"
503,".Let'scomputethat.43000*9=387000.So833000-387000=446000.So$446,000.Then,intheyear[ANS],thefundwillbeempty.Thatmeansy=0.Soset0=-43000x+833000.Solveforx:43000x="
504,"alsonegative.Usingthereferenceangle$\frac{\pi}{3}$:$$\sin\left(\frac{4\pi}{3}\right)=-\sin\left(\frac{\pi}{3}\right)=-\frac{\sqrt{3}}{2}$$So,$$y=3\cdot\left(-\frac{\sqrt{3}}{"
505,39+37x+27xВІ+10xВі+xвҒҙ.Multiplybyx:x*(-39+37x+27xВІ+10xВі+xвҒҙ)=-39x+37xВІ+27xВі+10xвҒҙ+xвҒө.Add(-26):-26-39x+37xВІ+27xВі+10xвҒҙ+xвҒө.Whichmatchesthegivenpolynomial.Sothe
506,S
507,I
508,B
509,V
510,"dapathbetweenthem.Theminimalconnectedsetcontainingallfourcorners:fora4x4grid,cornersare(1,1),(1,4),(4,1),(4,4).Theminimalconnectedsetcontainingallfourcornersisthewhole"
511,T
512,64p^2+64p+16
513,"whereОҰisthestandardnormalCDF.Thedifferencebetween0.0808and0.08is0.0008.ThederivativeofОҰ(z)atz=-1.4isthestandardnormalPDFatz=-1.4,whichis(1/вҲҡ(2ПҖ))e^(-zВІ/2)=(1/2.50"
514,R
515,"-8,1,12,19"
516,0
517,T
518,K
519,"\ln(0.4375)вүҲ-0.8266786\)(since\(\ln(16/7)вүҲ0.8266786\),so\(\ln(7/16)=-0.8266786\))Then,\((3/5)\ln(7/16)вүҲ(3/5)(-0.8266786)вүҲ-0.496007\)So,\(e^{-15k}вүҲe^{-0.496007}вүҲ0.608\"
520,44
521,F
522,"solutionbetween0and0.5forx>0.Wait,butholdon,whataboutxnegative?Sincebothfunctionsareeven,ifx=aisasolution,x=-aistoo.Soweshouldhavetwosolutions?Wait,butwait,let's"
523,"et'staken=4,whichiseven,composite.Divisorsof4:1,2,4.Sodwith1<d<4:d=2(since2divides4,1<2<4).Soforn=4tobecool,weneedthatinthe2-divisionoftheboard(whichis4/2"
524,A
525,S
526,y=128x^4+16x^2+4
527,2000/7orapproximately285.71
528,"55.Then1.071^20=(1.071^10)^2вүҲ(1.9855)^2вүҲ3.942.Let'scompute1.9855*1.9855:2*2=4,minus0.0145*2*2+(0.0145)^2?Wait,better:(2-0.0145)^2=4-2*2*0.0145+(0.0145)^2=4-0.058+0.00"
529,"20:20is2^2*5,429is3*11*13(since13*33=429,33is3*11).Sonocommonfactors,so429/20isthesimplifiedfraction.Wait,429dividedby20is21.45,butmaybetheywantitasamixednumber?"
530,5
531,</think>Theintegersamongthegivenoptionsarethosethatarewholenumberswithoutfractionalordecimalparts.-**A.**$\sqrt{3}$isirrationalandnotaninteger.-**B.**$-2.10100100010000
532,D
533,"isastandardnormalvariable.Lookingup-1.585inthestandardnormaltable:thez-scoreof-1.58correspondsto0.0571,and-1.59correspondsto0.0559.Let'sinterpolate.Thedifferencebetween-"
534,B
535,",whichgaveaquadraticthatfactorsnicely.Yep,that'scorrect.Sotheanswershouldbex=-6andx=-4.</think>Tosolvetheequation:$$\frac{x^2}{240}+\frac{x}{24}+\frac{1}{10}=0"
536,U
537,"rvings**.---###Step2:CalculatetherequiredamountofvinegarSinceeachservingrequires**6tablespoonsofvinegar**,for7servings:$$\text{Vinegarneeded}=7\times6=42$$---###"
538,X
539,"ithsign:+2^6=+64-14*2^5=-14*32=-448+72*2^4=+72*16=+1152-78*2^3=-78*8=-624-933*2^2=-933*4=-3732+5372*2=+10744-9860=-9860Okay,sonowsumtheminorder:startwith"
540,"\),thereare\(n-k\)pairs\((t,s)\)with\(s=t+k\).Since\(\gamma(k)=\alpha^k\gamma(0)\),thisbecomes:\(\text{Var}(\bar{X})=\frac{\gamma(0)}{n^2}\left[n+2\sum_{k=1}^{"
541,5
542,"/3=(-124)/3.Sosquaredis(124/3)ВІ=15376/9вүҲ1708.444.2.21:(21-166/3)=(63/3-166/3)=(-103)/3.Squared:(103/3)ВІ=10609/9вүҲ1178.777...3.21:sameasabove,soanother10609/9"
543,"498(sincewemovethedecimal)howmanytimes?92*5=460,92*6=552whichistoobig.So5times.5*92=460.Subtract460from498,get38.Bringdownthe1,making381.92goesinto381fourtimes(9"
544,A
545,400000
546,172
547,H
548,120.00
549,S
550,Y
551,"=28вҮ’y=sqrt(28)(sincesin(Оұ)ispositive,yispositive).Soy=sqrt(28).That'stheanswer.Letmemakesurethere'snomistakehere.Thekeyisthatcos(Оұ)isx/r,sogivencos(Оұ)=-6/8,and"
552,"heformulaforsamplevariance:sВІ=[ОЈx_iВІ-(ОЈx_i)ВІ/n]/(n-1)Sofirst,computeОЈx_iВІ.Let'scomputeeachx_isquared:1.36686ВІ:Let'scompute36686*36686.Hmm,that'sabignumber.MaybeIcan"
553,1.6
554,J
555,B
556,"abitdifferent.Let'ssee:""theareaofthecirclewhichattimethasradiush(t)"".Sothecircleinquestionhasradiush(t)attimet,soitsareaisf(h(t)).SoDisacorrectinterpretation.E"
557,5
558,"x-25,that'scorrect,butinmathproblems,sometimesfractionsarepreferred.Let'ssee.Let'sdothecalculationwithfractionstobeprecise.Slopem=(4200-1600)/(650-250)=2600/400=26/4"
559,-280
560,A
561,S
562,G
563,20
564,S
565,".006,whichisgreaterthan-7.06because-7.006isclosertozero.Forexample,-0.006isgreaterthan-0.06.Soyes,-7.006>-7.06.Similarly,-7.06is-7.06,whichisgreaterthan-7.6because-7"
566,3
567,"sentirely""isincorrect.SoBisalsoafalsestatement?Wait,thequestionsays""whichofthefollowingstatementsisfalse"".Sothere'sonlyonefalsestatementhere.Hmm.Let'schecktheoptions"
568,3
569,E
570,S
571,D
572,8
573,\frac{17}{72}
574,S
575,X
576,"\(\frac{5}{12}\)days.So:\(\frac{1}{\frac{1}{m}+\frac{1}{m+2}}=\frac{5}{12}\)Let'ssolvefor\(m\).First,takereciprocalsofbothsides:\(\frac{1}{m}+\frac{1}{m+2}=\frac{"
577,B
578,"problemexpectsmoredecimalplaces,butsincethesamplemeanis8.31(twodecimalplaces),probablytwodecimalplacesissufficient.Wait,8.9957isapproximately9.00whenroundedtotwodecimal"
579,E
580,S
581,X
582,1035
583,"down,thenstartingfromapointontheleftside(x=0)orbottomside(y=0),itcangorightanddowntoreachanotherside.Wait,forexample,startingontheleftside(x=0,y=a)where0вүӨaвүӨ2025"
584,"heamplitudeoftheoscillationisthecoefficientofthecosinefunction,whichis$7z$.Sincethemaximumdistancefromequilibriumcorrespondstotheamplitude,thefurthestdistanceis$7z$cm"
585,achd_i:(-4-(-0.3))^2=(-3.7)^2=13.69(0-(-0.3))^2=(0.3)^2=0.09(8-(-0.3))^2=(8.3)^2=68.89(-2-(-0.3))^2=(-1.7)^2=2.89(-1-(-0.3))^2=(-0.7)^2=0.49(-4-(-0.3))^2=
586,testepbystep:-512-216=-728;-728-27=-755;-755+1=-754;-754+8=-746;-746+125=-621;-621+729=108.Sosum(xВі)=108.sum(xвҒҙ):xвҒҙis(xВІ)ВІ.Let'scomputeeach:(-8)^4=4096;(-6
587,",Discorrect(ОІ3*=ОІ3),andtheothers:AsaysОІ2*=ОІ2(no,becauseОІ2*=ОІ2+3ОІ4+6ОІ5),soAiswrong,Ciswrong(sinceОІ"
588,N
589,J
590,X
591,"RsinОёsinb,sothecoefficientofsinОёis-Rsinb.Sointheproblem,theright-handsideis3cosОё+1sinОё,so:Rcosb=3-Rsinb=1вҮ’Rsinb=-1ThenRВІ=(3)ВІ+(-1)ВІ=9+1=1"
592,I
593,"lesinthetriangle.Let'sdrawaverticalline(north-south)throughAandB,sincetheshipismovingnorth-south.Let'sletthenorth-southlinebethey-axis,withAat(0,0)andBat(0,x)since"
594,X
595,"sincesaturatedlog-likelihoodishigher,thedifferenceispositive,soresidualdevianceisnon-negative.SoAistrue.D:Log-likelihoodвүӨ0.Yes,becauseeachtermislogofaprobability(between"
596,M
597,B
598,S
599,"error.</think>Thestandarderrorofthemeaniscalculatedusingtheformula$\text{SE}=\frac{s}{\sqrt{n}}$,where$s$isthesamplestandarddeviationand$n$isthesamplesize.Given$s"
600,A
601,eGCFfromeachgroup:-From$6s^2+3s$:$3s(2s+1)$-From$-2s-1$:$-1(2s+1)$Sotheexpressionbecomes:$$3s(2s+1)-1(2s+1)$$Nowfactoroutthecommonbinomialfactor$(2s+1)$:
602,"218,yes,that'scorrect.Sumofy(ОЈy):50+54+55+53+54+56+58Computestepbystep:50+54=104104+55=159159+53=212212+54=266266+56=322322+58=380SoОЈy"
603,B
604,A
605,45.6
606,S
607,"origin"".Itdoesn'tspecifyanyotherconstraints,soprobablythecenterisdirectlyabovetheorigin?Wait,butwhy?Wait,maybeinthecontextoftheproblem,sinceit'sthefirstsphere,andlater"
608,"recordeachtime).Soeachtimecorrespondstoexactlyoneyear.Wait,buttheproblemsays""theyearinwhicheachnewworldrecord...wasset"".Soeachtimeisanewrecord,soeachtimeissetina"
609,"'ssee,276ВІis76,176(since270ВІ=72,900,275ВІ=75,625,276ВІ=275ВІ+2Г—275+1=75,625+550+1=76,176).277ВІ=276ВІ+2Г—276+1=76,176+552+1=76,729.Oh,so276ВІ=76,176and277ВІ=76,729.Ournumberis76,50"
610,"b|=|a||b|,so|w(1+w)ВІ|=|w||1+w|ВІ=1*|1+w|ВІ,since|w|=1.But|1+w|ВІisarealnumber,right?Becauseforanycomplexnumberz,|z|ВІ=z\overline{z},somaybewecancompute|1+w|ВІ"
611,"hichisapproximately1.356.Letmecomputeitmoreaccurately.57dividedby31isexactly57/31.Let'scomputesqrt(57/31).Let'ssee,57/31вүҲ1.838709677.Thesquarerootofthatisapproximately1"
612,",13.Forprime3:numeratorhas3^4,denominatorhas3^8.SoGCDexponentfor3is4.Forprime7:numeratorhas7^3,denominatorhas7^3.SoGCDexponentfor7is3.Forprime13:numeratorhas1"
613,S
614,B
615,9
616,B
617,"shiftofhunitstotheleftisreplacingxwithx+h,andaverticalshiftofkunitsupisaddingktothey.Sothetransformedfunctionwouldbe\(y=[(x+h)-7]^3-6+k\).Wewantthisto"
618,U
619,"*sqrt(1/n1+1/n2),andheres_p=2,soit'sthesameasWelch'swhenvariancesareequal).Wait,no:inWelch's,thedenominatorissqrt(s1ВІ/n1+s2ВІ/n2),whichissqrt(4/88+4/79)=2*sqrt(1/88+"
620,"5(2times),4(1),6(1).So:-7:1value,(7-4.5)^2=6.25-3:3values,each(3-4.5)^2=2.25,so3*2.25=6.75-5:2values,each(5-4.5)^2=0.25,so2*0.25=0.5-4:1value,(4-4.5)^2=0.25-6:"
621,153-k
622,"...(523.82),sвӮӮВІ=1063.9636,sosвӮӮ=32.618(asgiven).Samplesizes:nвӮҒ=9(sincethereare9datapointslistedforMusic),nвӮӮ=11(11datapointsforNoMusic).Let'sconfirm:theproblemsays"
623,"ncolumns.Sototalsumofbothlinesisn*(n+1).Buttheoriginalsumishalfofthat,sosum=n*(n+1)/2.Sotheprocessis:sumofcolumnsums(eachcolumnsumisn+1)isn*(n+1),thendivideby2"
624,F
625,5(x+2)(x+3)
626,Z
627,"dhaveПҖaswell.Buttheproblemsays""Youranswermustbeanumber.Noarithmeticoperationsareallowed.""Hmm,maybetheywantthecoefficientofПҖ?Like,ifthevolumeis(163вҲҡ163/6)ПҖ,thenthe"
628,75.673
629,"is[A,C,B](3cities,2edges).Sotheshortpath(fewestcities)is2cities,thelongpath(mostcities)is3cities.Now,dowehaveashortpathandalongpaththataredisjointexceptendpoints?"
630,"(tenths).Wait,no:571.7is5hundreds,7tens,1one,7tenths.Sothenumberis571.700.Sothedigitsare:Hundreds:5Tens:7Ones:1Tenths:7Hundredths:0Thousandths:0Subtracting7"
631,Y
632,23
633,"onby7.Theinverseoperationofmultiplicationisdivision,sodividingbothsidesby7givesx=8.Alternatively,multiplyingbothsidesbythereciprocalof7,whichis1/7,alsogivesx=8.Soyes"
634,"970=0.Usingquadraticformula:x=[-1Вұsqrt(1+4*2970)]/2=[-1Вұsqrt(1+11880)]/2=[-1Вұsqrt(11881)]/2.What'ssqrt(11881)?Let'ssee.109^2is11881(since100^2=10000,110^2=12100"
635,"5.4,butmaybetheyexpecttheabsolutevalue?Wait,no.Let'sthink.Wait,theproblemsays""growthrater"".Inexponentialdecay,thegrowthrateisnegative.Forexample,ifsomethingdecaysby25"
636,"s=s1s2s3s4...(eachsiвҲҲОЈ,ОЈ={1,...,100}).Thetriplesaret1=(s1,s2,s3),t2=(s2,s3,s4),t3=(s3,s4,s5),etc.Soeachtripletiisdeterminedbysi,si+1,si+2.Now,ifwewanttobuildan"
637,"in(2ПҖ-ПҖ/3)=-sin(ПҖ/3)=-вҲҡ3/2.Sosin(-5ПҖ/3)=-(-вҲҡ3/2)=вҲҡ3/2.Wait,maybebettertocomputedirectly.x=2*cos(-5ПҖ/3)=2*cos(5ПҖ/3)becausecosineiseven.Cos(5ПҖ/3)=cos(2ПҖ-ПҖ/3)=cos(ПҖ"
638,"calculatorformoreprecision.Let'scompute0.005dividedbysqrt(0.559*0.441/225).First,0.559*0.441=0.246519.0.246519/225=0.00109564.sqrt(0.00109564)=0.033105.Soz=0.005/0.0331"
639,3.325
640,K
641,6.4
642,13
643,"tthestatements.Statement1:Iffandharereciprocalrelations,thendomainofhissubsetofdomainoff.Statement3:Iffandharereciprocalrelations,thendomainoff=domainofh.If"""
644,P
645,129n-11500
646,F
647,X
648,30.60
649,"ht2x2becomesallblack:(2,2)=B,(2,3)=B,(3,2)=B,(3,3)=B.Nowlet'slistallcells:Row1:(1,1)=B,(1,2)=B,(1,3)=B(wait,afterfirstoperation,row1col2becameblack,yes;row1col3wasstill"
650,I
651,B
652,"TвӮ–вӮҠвӮҒ=S(becauseallelementsofSthatareoutsideTвӮ–aremovedin,soTвӮ–вӮҠвӮҒ=S).Wait,thatmakessense!BecauseifyouhaveasetS,andyoutakethesubgroupgeneratedbyS,thenSisasubgroup"
653,"oadecreaseof45mgin7hours.Sotherateis-45/7mgperhour.ThentheformulawouldbeA(t)=A0-(45/7)t.Butlet'scheckifthatmakessense.Att=4,A=60:60=A0-(45/7)*4=>A0=60+18"
654,2
655,S=0.85L
656,"herootsagain.For6xВІ-23x+15,usingquadraticformula:x=[23Вұsqrt(23ВІ-4*6*15)]/(2*6)=[23Вұsqrt(529-360)]/12=[23Вұsqrt(169)]/12=[23Вұ13]/12.So(23+13)/12=36/12=3,and(23-13)/12=10/"
657,"180-2\sqrt{14}\)to\(180+2\sqrt{14}\).Butmaybetheywantdecimalapproximations.Let'ssee.Theproblemsays""Constructaninterval"",soprobablynumerical.Let'scompute2*sqrt(14):sqrt(14)вүҲ"
658,A
659,"\(s_y=\sqrt{820}\),and\(\text{cov}(X,Y)=140\).So\(r=\frac{140}{\sqrt{550\times820}}\)Then\(R^2=r^2=\frac{140^2}{550\times820}\)Letmecomputethat.First,\(140^2=1"
660,U
661,"es.Thentheproblemstatesthattheweightis2880/(rВІ)pounds,whereris""rthousandmilesfromthecenter"".Sor=D/1000.BecauseifDisinmiles,thenr(thousandmiles)isDdividedby100"
662,23
663,I
664,\dfrac{83}{99}
665,X
666,=ln(11)-ln(2)вүҲ2.3979-0.6931=1.7048.Then5.513is5.5+0.013.Thederivativeofln(x)atx=5.5is1/5.5вүҲ0.1818.Sotheapproximateln(5.513)вүҲln(5.5)+0.013*(1/5.5)вүҲ1.7048+0.013*0.18
667,Y
668,I
669,A
670,A
671,113.2
672,Y
673,"roblem,themovesareaddingatotheroworcolumn(mod2025)onoddmoves,addingbtoroworcolumnonevenmoves.Soeachmoveisavector:foroddk(1st,3rd,...moves),vectors(a,0)or(0,a)"
674,8x+7
675,A
676,"ettingadrug,theymightguess.Butinthiscontext,Bispartofit.Cisaboutnotseeingeachotherduringevaluation,whichmightpreventthepsychiatristfromknowing,butthemainthingisthat"
677,J
678,"8is12years(1998-1986=12),correct.From1986to2007is21years(2007-1986=21),correct.Anotherway:Let'susethetwopoints(1986,11510)and(1998,12910).Theslopeis(12910-1151"
679,"t:1000+6000-8594.37=-2594.37.Toolow.Radius12ft:12Ві=1728,60*(12)ВІ=60*144=8640,so1728+8640=10368;10368-8594.37вүҲ1773.63.Positive.Radius11ft:1331+60*121=1331+7260"
680,A
681,"ntingssold:240-5*7=240-35=205.Income:135*205.Let'scompute135*200=27000,135*5=675,sototal27675.Correct.Forx=21:priceis100+5*21=100+105=205.Paintingssold:240-"
682,C
683,-0.65
684,"В№(0.06).SinceОҰ(-1.55)=?Let'scomputeОҰ(-1.55).ОҰ(1.55)istheareatotheleftof1.55,whichis0.9394(fromstandardtables).SoОҰ(-1.55)=1-0.9394=0.0606.Oh,that'scloseto0.06.Wait"
685,isadifferencebetweenthemeannumberofCD4Tcellsinhealthypatientsandpatientswithcancer.*вҶ’Two**independentgroups**(healthyvs.cancerpatients).**Notpaired.**-**G.***Noneof
686,X
687,24500
688,"texwithnoneighbors,mex(вҲ…)=0.Soday1:f(1)=a(anynon-negativeinteger,butwecanchooseatomaximizedays).Day2:f(2)=0(sincenoneighbors,mex(вҲ…)=0).Now,whendoesthegamestop?On"
689,43
690,S
691,"Fora93%confidenceinterval,thetotalareainthetwotailsis7%,soeachtailis3.5%.Sothez-scoreweneedisthevaluesuchthattheareatotheleftofzis0.965(since1-0.035=0.965)"
692,n1.2and1.3.Thedifferenceinx:0.1.Thedifferenceinf(x):0.2835-(-0.177)=0.4605.WeneedtofindО”xwheref(1.2+О”x)=0.SoО”x=(0-(-0.177))/0.4605*0.1вүҲ(0.177/0.4605)*0.1вүҲ
693,"tionisperiodicwiththesevaluesgiven.Sincethegivendatapointsshowthatthepatternrepeatsevery30,andthere'snosmallerintervalwheretheentirepatternrepeats(sincethepatternlength"
694,250
695,X
696,"otheexpressionis(x-(-8))ВІ+(-81),whichis(x-h)ВІ+kwithh=-8andk=-81.Sotheanswershouldbe(x-(-8))ВІ+(-81),butwrittenas(x-h)ВІ+k,sothefirst[ANS]is(x-(-8))but"
697,60
698,-50.92
699,3
700,K
701,22
702,"l$$-u^4-4u^3+3u^2-6u-8$$Thisisalreadyinstandardform(descendingpowersof$u$),andallliketermshavebeencombined.---###FinalAnswer:$$\boxed{-u^4-4u^3+3u^2-6u-"
703,T
704,"no:actually,thecriticalvalueforaright-tailedtestatОұ=0.05isz*=1.645.Wait,no,wait:let'srecall.Foraone-tailedtestwithОұ=0.05,thecriticalzisthevaluesuchthatP(Z>z*)=0.0"
705,"fortheentireresponse,butitsays""thefinalanswer""implyingonething.Anotherthought:maybetheproblemexpectsme"
706,"bitmore.Let'ssee,log10(2)вүҲ0.3010,so10^0.3010=2.So0.311is0.3010+0.01,so10^0.311вүҲ2*10^0.01.10^0.01isapproximately1.023(sinceln(10^0.01)=0.01*ln(10)вүҲ0.0230,soe^0.0230вүҲ"
707,"eputstwiceasmuchinthelower-yieldingaccount"".Lower-yieldingis6%,soheputstwiceasmuchin6%asin10%.So6%accountistwicethe10%account.Soyes,that'swhatIdid.So6%is5200,1"
708,"t=-8;y=1:1and-8,product=-8;y=0:0and-9,product=0;y=-1:-1and-10,product=10;y=9:9and0,product=0;y=10:10and1,product=10.Waitasecond,soforintegery,theproductsare-20,-18,-14"
709,K
710,"big,soonlyk=1givesasolutionhere.Thesecondsolutionisx=-arccos(1/8)-3+2ПҖk.Sothat's-1.445-3+2ПҖk=-4.445+2ПҖk.Let'stryk=1:-4.445+6.283вүҲ1.838.That'sin[0,2ПҖ].k=0:-"
711,A
712,"ase,thestudentsthinkherbalteaisthecause,buttheactualexplanatoryvariablemightbethevisits.Wait,butthequestionsays""theexplanatoryvariableinthisexperiment"".Wait,inthestudy"
713,notreal
714,A
715,"e.Sums:5+7=12,5+9=14,5+13=18,7+9=16,7+13=20,9+13=22.Allsumsaredistinct,soallaveragesaredistinct.Wait,buttheproblemsays""ifavalueoccurstwice,makesuretolistittwice.""Hmm"
716,"harenocommonfactors,so19/33isthesimplifiedfraction.Butmaybetheproblemexpectsadecimal.Letmethink.Thequestionsays""Findthecoefficientofdetermination.""Inthecontextofleast"
717,"=216\times6=1296\\6^5=6^4\times6=1296\times6=7776$$Now,addthetworesults:$$6^3+6^5=216+7776=7992$$Asafinalcheck,wecanfactortheexpression:$$6^3+6^5=6"
718,"5000(75305000),then75396000(75396000),then79392000(79392000).Letmeverifyeachstep:Compare71130000and71261000:71130000<71261000(since113<126inthemillionsplace).71261000vs"
719,A
720,A
721,"inoferrorfora99%confidenceinterval.""Themarginoferror(ME)iscalculatedasz*(s/вҲҡn).Fora95%CI,zisabout1.96,for99%it'sabout2.576.SoMEfor95%issmallerthanfor99%.SoCis"
722,"etime?Wait,maybebettertomodeltimestepsasdiscretestepswhereeach""step""isasecond,so:-Time0(even):initialvalues,allpositivereals.-Time1(odd):firstupdate:foreachvertex"
723,"0В°+Оё)=-sinОё.Sin(45В°)isвҲҡ2/2,sosin(225В°)=-вҲҡ2/2.Wait,letmemakesureIdidn'tusethewrongidentityhere.Theproblemsays""sin(388В°)cos(163В°)-cos(388В°)sin(163В°)"",soyes,theminussign"
724,"hereciprocalpolynomialofP(z)=a_nz^n+...+a_0isz^nP(1/z)=a_0z^n+...+a_n.Forourcase,P(z)=azВі+bzВІ+cz+d,soreciprocalpolynomialisdzВі+czВІ+bz+a.If|P(z)|вүӨM"
725,"0.8625=69PhysicsWomenE=80*0.1375=11ChemistryMenE=32*0.8625=27.6ChemistryWomenE=32*0.1375=4.4LinguisticsMenE=23*0.8625=let'scompute20*0.8625=17.25,3*0.8625"
726,48
727,R
728,80000
729,A
730,X
731,B
732,S
733,"pto247.Thirdproblem:Пғ=55,95%confidence.For95%confidence,z-scoreis1.96(since95%confidencehas0.025ineachtail,z=1.96).Son=(1.96*55/11)^2.55/11=5,so1.96*5=9.8.Then9.8"
734,4.83
735,"Themedianofthelowerhalf(Q1)istheaverageofthe4thand5thvaluesinthislowerhalf.Lowerhalfsorted(alreadysorted):positions1-8:-29,16,21,24,32,36,40,41.4thvalue:24,5thvalue:"
736,"c{15\sqrt{30}}{30}$$Simplifythefraction:$$\frac{15\sqrt{30}}{30}=\frac{\sqrt{30}}{2}$$Thedenominatorisnowrational,andtheexpressionissimplified.$$\boxed{\frac{\sqrt{30}}{2}}"
737,2140
738,A
739,\frac{Q}{1-Z}
740,"renopointsonthehyperbolaatОё=ПҖ/2.Sothatchecksout.Anothercheck:takeОё=ПҖ,whichisthenegativex-axis.Thenx=-r,y=0.Thehyperbolahasx=Вұ8,soatОё=ПҖ,r=8(sincex=-8,sor=8).Let's"
741,X
742,"cegraduation)Theregressionlinealwayspassesthroughthepoint$(\bar{x},\bar{y})$.So:$$\bar{y}=a+b\cdot\bar{x}$$Substituteknownvalues:$$208=a+(-33)(7)$$$$208=a-23"
743,430
744,"e:fromabove,Totalafter=I*(100-p)(57+1.6p)/10,000,soTotalafter/I=(100-p)(57+1.6p)/10,000,somultiplyingby100givespercentage:(100-p)(57+1.6p)/100.Yes,that'sagoodsimpl"
745,"ommonone,like2cosВІC-1.Wait,butlet'scheck.Let'ssee.TheproblemmightexpecttheanswerintermsofcosCandsinC.Letmethink.Forexample,insomecontexts,cos(2C)iswrittenascosВІ"
746,"thousandsplace.Thousandsplaceis5,becomes4,hundredsbecomes10.Thenborrow1fromhundredstotens:hundredsbecomes9,tensbecomes12.Nowtens:12-3=9.Hundredsplace:9(afterborrow)-3"
747,A
748,"):Rowtotal:146Pre-retirementexpected:(146*383)/704Post-retirementexpected:(146*321)/704Compute146*383:100*383=38,300;40*383=15,320;6*383=2,298.Total:38,300+15,320=53,620+"
749,"revioussequence.Thesignsalternatestartingwithnegativeforn=0.Soforevenn(n=0,2,4,...),thetermisnegative;foroddn(n=1,3,5,...),it'spositive.Sothesigncanberepresentedby(-1)^"
750,"percentageleaked:eachhour5%leaks,soafter9hours,thetotalleakedis1-(0.95)^9.Let'scompute(0.95)^9:0.95^1=0.950.95^2=0.90250.95^3=0.9025*0.95=0.8573750.95^4=0.85737"
751,"...,a+(k-1)d}modnisaregulark-gon(asapolygon)ifandonlyifk*dвүЎ0modnandgcd(d,n)=d'whered'issuchthatk=n/d'?Wait,let'staken=15,d=5:thenstep5,3steps:0,5,10,whichis"
752,C
753,"erate?Wait,theproblemsays""rateofchangeofthelinearfunction"".Inthecontextofpopulationgrowth,rateofchangeisusuallyperyear.Let'sseetheoptionsinpartc,butpartbisseparate"
754,(o(x))=4(3x+5)-7=12x+20-7=12x+13$$---###Step2:Multiplyby$n(x)$Given:-$n(x)=5x$Nowcompute:$$m(o(x))\cdotn(x)=(12x+13)(5x)$$Distribute:$$=12x\cdot
755,A
756,"3025/4900)=177*(121/196)because3025Г·25=121,4900Г·25=196.So177*121=let'scompute170*121=20,570and7*121=847,sototal20,570+847=21,417.Then21,417/196вүҲ109.27.Soapproximately109"
757,"CisKevinonly.Wait,butwaitanotherthought.CouldRachel'sdatabesomethingelse?Like,ifsherecordedthetotalsnowfalleachdayforthreetownsoveraperiodoftime?Buttheproblemsays"""
758,"o:ifahouseholdhassizeh_j,theneachoftheh_jpeopleinthathouseholdreportsh_j.Sothesumoverthathouseholdish_j*h_j?Wait,no,h_jpeopleeachreporth_j,sosumish_j*h_j?Wait"
759,C
760,X
761,5f(n-1)+4
762,"ra,simplifyingusuallymeanscombiningliketermsandwritinginstandardform(descendingpowersofx).So110xВІ+42xisthesimplifiedform.LetmecheckifIaddedcorrectly.56+48is104,104"
763,\dfrac{8}{3}
764,",Ais((a+b)(a-b)^"
765,A
766,"1...is11.428571...Sotofourdecimalplaces,weneedtolookatthefourthdecimal.Let'swriteoutthefirstfewdecimals:0.428571...Sothefirstdecimalis4,second2,third8,fourth5,fifth"
767,U
768,X
769,1620
770,B
771,2
772,X
773,"ter:born5yearsafterfirst,sohercurrentageisa-5(sincethefirstisayearsoldnow,thesecondis5yearsyounger)Thirdsister:born4yearsaftersecond,sohercurrentageis(a-5)-"
774,"rtiletobethemedianofthebottomhalfofthedataset,andthethirdquartiletobethemedianofthetophalf"".Sobottomhalfisthelowerhalf,tophalfistheupperhalf.Inthiscase,with1"
775,thefinalequation.Let'sverify:Ifwedoverticalstretchfirst:y=6sin(x).Thenshiftright7:y=6sin(x-7).Thenshiftdown6:y=6sin(x-7)-6.Ifwedoshiftrightfirst:y=sin(x
776,A
777,8
778,I
779,Q
780,umis$-2t^{14}-t^{12}+3t^{10}$.Thatseemsright.Thensubtract$-5t^{14}-7t^{12}-6t^{10}$.Sosubtractinganegativeisaddingthepositive.So:$(-2t^{14}-t^{12}+3t^{10})-(-5t^{14}-7
781,"simplifythisas:$$\frac{\sqrt{15}}{\sqrt{64}}=\frac{\sqrt{15}}{8}$$Since15hasnoperfectsquarefactorsotherthan1,theexpressionisfullysimplified.$$\boxed{\frac{\sqrt{15}}{8}}"
782,"averagetermis(3+(-77))/2=(-74)/2=-37.Then41terms*(-37)=-1517.Perfect,that'sanotherwaytoseeit.Soallmethodsleadto-1517.Sotheanswershouldbe-1517.</think>Toevaluate"
783,S
784,"---###Step2:Subtractthefractions$$\frac{35}{60}-\frac{18}{60}=\frac{17}{60}$$Sincetheresultispositive,theabsolutevalueisnotneeded.---###FinalAnswer$$\boxed{\frac{"
785,False
786,X
787,"hironwillbeusedattheendof13years"".Hmm,""used""mightmeanthetotalusedupbytheendof13years,i.e.,thecumulativeconsumptionover13years.Wait,theproblemsays""itsdemandduring"
788,S
789,-8
790,"hsidesby-1tomakeapositive,butstandardformdoesn'trequireatobepositive,justthatit'saquadratic(aвү 0).So-20xВІ+45x-25=0iscorrect.Yes,that'sthestandardform.Sothefinal"
791,A
792,G
793,"h93%confidencethattheclaimistrue?""So,ifthe93%confidenceintervalforОјisabove5300,thenyes.ButtheproblemisstructuredasahypothesistestwithpartsA-D.Let'ssee.First,let's"
794,"ntsthereare.Let'sgroupthembythenumbers:-2s:firsttwoare2,thenlatertwo2s:total4?Wait,let'slistall:Positions1-2:2,23-5:3,3,36-10:4,4,4,4,4(5numbers)11-13:5,5,514-"
795,"That'sagoodpoint.So,sincethehalf-lifeis6years,T=6.Then,aswesaw,aistheinitialpopulation,whichis450.Soa=450,b=2,T=6.Letmejustmakesurethere'snotrickhere.The"
796,A
797,B
798,")Computetheleftside:-151-15742.Let'sdo15742+151first,thenaddthenegative.15742+100=15842,+50=15892,+1=15893.Soit's-15893.So:-15893=250*sqrt(t+117)Wait,holdon!The"
799,",for"
800,"537.Solet'stakezвүҲ2.054.SozвүҲ2.054.Giventhat,Пғ=23,E=4.Son=(z*Пғ/E)^2=(2.054*23/4)^2.Let'scomputethatstepbystep.First,2.054*23.Let'scalculate2*23=4"
801,W
802,26/7
803,".Thestandarddeviationistypicallylessthantherange.Foranormaldistribution,therangeisabout6Пғ(since99.7%ofdataiswithin3Пғ,sorangeisabout6Пғ).Wait,that'sanotherruleofthumb"
804,E
805,S
806,"sin(Оё),so1/sin(Оё)=-45/вҲҡ869,whichrationalizedis-45вҲҡ869/869.Letmeverifyeachstepagaintomakesure.First,sec(Оё)=-45/34,socos(Оё)=1/sec(Оё)=-34/45.Correct,becausesecantis1/c"
807,S
808,X
809,"tcorrect?Let'smakesure.SupposeAandBhavetwocommonneighbors,sayCandD.ThenA-C,A-D,B-C,B-Dareedges.Thentheproblemsays""thereexistdistinctC,DsuchthatA-C,C-B,B-D,D-Aare"
810,X
811,"10^-19grams.</think>Tofindthemassof80,000hydrogenatoms,webeginbyexpressingthenumberofatomsinscientificnotation:$$80,000=8\times10^4$$Giventhatthemassofonehydrogen"
812,supposed
813,B
814,1+0.3=1.3;1.3+0=1.3;1.3-1.4=-0.1;-0.1-0.1=-0.2;-0.2+0.2=0.0.Sosum_S=0.0**Nervous(N)**:0.3+0.3+(-0.3)+(-0.4)+1.6+(-1.3)=0.3+0.3=0.6;0.6-0.3=0.3;0.3
815,S
816,"Ididn'tmakeamistake.Let'slisttheobesebodymassesagain:8.1,9.6,10.4,12.5,12.2,10.4.Addingthem:8.1+9.6=17.717.7+10.4=28.128.1+12.5=40.640.6+12.2=52.852.8+"
817,\frac{88}{21}
818,"rmsinalphabeticalorder,so5a+6b.Eitherwayiscorrect,butmaybetheproblemexpectsitas(6b+5a)/ab.Letmecheckwiththenumericalexample.Whena=2,b=3,6b+5a=18+10=28,ab=6,28/6=1"
819,X
820,15
821,F
822,"herefore,theradiusoftheblade(thedistancefromthecenterofthebladetothetip)isnot24inches.Wait,maybetheproblemisthatthelinearvelocityofthetipiswhat'sbeingasked,andthe"
823,"es=1,l=0:then1^b-0=1,whichisnotdivisibleby2,socondition1holds(nobwith2|1^b-0).Condition2:properdivisor1,1|1^b-0=1,whichistrue,soyes,thatalsoworks.Soa=2isbao-good"
824,E
825,A
826,"s.Totalrevenue:6x+6.50*(3400-x)вүҘ21200.Weneedtosolveforx,thenumberofunitssoldthismonth.Let'swritethatequation:6x+6.5(3400-x)вүҘ21200First,expandtheterms:6x+6"
827,F
828,"(awholenumber),standarddeviation13(wholenumber),samplesize25.Thet-valueis2.064(threedecimalplaces).Sothemarginoferrorisabout5.37,sotheintervalisapproximately99.63to110"
829,"eformulaforaprojectilelaunchedandlandingatthesameheightisR=(vвӮҖВІsin(2Оё))/g.SinceОёis45degrees,sin(90degrees)is1,soR=vвӮҖВІ/g.Let'scheckthat.vвӮҖis368ft/s,sovвӮҖВІ=36"
830,"approximately3.1416.So44*3.1416вүҲ138.2304.Thendivideby15:138.2304/15вүҲ9.21536miles.Wait,letmeverify.Let'sdothecalculationstepbystep.First,8minutesis8/60degrees=0.13"
831,T
832,J
833,"theproblemstatementagain.""Enterthefollowingrationalnumbersfromleasttogreatest.Separateyouranswersbycommas.Nodecimalsormixedfractions.""Thenumbersgivenare:3/4,48/6,40/3,-"
834,",soprobablythedirectconversion,butlet'scheckif-19ПҖ/6istheanswerorifweneedtoadjustittoapositiveangle.Wait,let'sthink.Forexample,360В°is2ПҖ,so180В°isПҖ,90В°isПҖ/2,etc"
835,126
836,"fchordsoflengthkatheightyisinbijectionwiththesetofpointsxin[a,b-k](sincex2=x+kmustbeвүӨb),sothereareinfinitelymanychordsoflengthkatheightyifLвүҘk?Wait,that"
837,K
838,"/sqrt(55).Let'scomputethat.sqrt(55)isapproximately7.416.So8/7.416вүҲ1.079.Letmecalculateitmoreprecisely:55squaredis3025,butsqrt(55)isabout7.416198487.So8dividedby7.41"
839,N
840,B
841,5+\sqrt{\sin(8x)}
842,"thesumofsquareddeviationsfromthemeandividedby(n-1).First,let'scomputeeach(x_i-mean)^2.Meanis65.47.Let'slisteachx_iandcompute(x_i-65.47)^2.1.66.7:66.7-65.47=1.23"
843,(2y)^{10}
844,E
845,5
846,-2
847,X
848,S
849,n$positiveintegers:$$\sum_{k=1}^{n}k=\frac{n(n+1)}{2}.$$Substitutingthisintoourexpressiongives:$$\frac{8}{n}\cdot\frac{n(n+1)}{2}.$$Simplifyingstep-by-step:-The$n$inthe
850,A
851,D
852,"sbehindby0.0008seconds.So,aftertrealseconds,thetotaldifferenceis0.0008*tseconds.Yes,thatmakessense.Forexample,ifaclockloses1secondperminute,thenafter60realminutes"
853,A
854,-\dfrac{47}{8}
855,E
856,E
857,thesesquareddifferences:0.000081+0.000324=0.000405+0.001024=0.001429+0.000036=0.001465+0.000009=0.001474+0.000049=0.001523+0.000225=0.001748+0.000001=0.001749+0.0000
858,"ysqrt(35)is1.54333/5.91608вүҲ0.2610.Then0.6/0.2610вүҲ2.30.Sotheteststatisticisapproximately2.30.Wait,maybeweneedtobemoreprecise.Let'sdoitstepbystep.Computedenominator"
859,"o174В°is6В°belowthenegativex-axis?Wait,no.Wait,anglesaremeasuredcounterclockwisefromthepositivex-axis.So0В°isright,90В°isup,180В°isleft,270В°isdown,360В°isrightagain.So1"
860,"actualnumberstomakesure.Supposec=22.Thena+b=22.d=a+b+c=22+22=44.e=a+b+c+d=22+22+44=88.Now,sumoffiveintegers:a+b+c+d+e=22+22+44+88"
861,S
862,A
863,"Anegativeexponentmeanstakingthereciprocal.So:$$t^{-69}=\frac{1}{t^{69}}$$Thisformusesonly**positiveexponents**,asrequired.---###FinalAnswer$$\boxed{\frac{1}{t^{69}}}"
864,25
865,\dfrac{7}{x}-8
866,I
867,B
868,X
869,A
870,D
871,A
872,"beit's4t^2?Butno,it'swrittenas4y^{-2}.Alternatively,maybeit's4y^2astapproachesinfinity?No,theuserwrote4y^{-2}.Wait,anotherthought:insomecontexts,especiallyinoldertexts"
873,A
874,N
875,A
876,T
877,A
878,S
879,Z
880,"a$isinthefirstquadrant,$\sin\theta>0$):$$\sin\theta=\sqrt{\frac{1225}{1369}}=\frac{35}{37}$$---###Step2:Compute$\tan\theta$Recallthat:$$\tan\theta=\frac{\sin\theta}{"
881,S
882,"ThenumberofAfricanAmericansineachtownbeforethemergeis:-TownA:$0.08x$-TownB:$0.12y$So,thesecondequationbecomes:$$0.08x+0.12y=528$$---###Step1:Solvethe"
883,"ddenominatorby4:4/275.So,(4/275)t1ВІ+t1-7=0.Multiplybothsidesby275toeliminatethedenominator:4t1ВІ+275t1-1925=0.Wait,let'scheckthat.275*(4/275)t1ВІ=4t1ВІ,275*t1=275t"
884,"dbeforeverticalshiftswhencomposingtransformations.Wait,actually,no.Let'sthinkintermsofthefunction'sgraph.Ifyouhaveapoint(a,b)onf(x),thenaftershiftingupward74units,the"
885,",18,17,999,18,12**---###**Mode**Themodeisthevaluethatappearsmostfrequently.Countingoccurrences:-12вҶ’1time-17вҶ’2times-18вҶ’3times-20вҶ’1time-999вҶ’1time"
886,C
887,S
888,B
889,"dxtobealinearexpressioniny(sincetheoriginalexpressionislineariny),buttheproblemstatesthatxmayinvolvevariables,sothat'sokay.Butthekeyisthatinthetargetform(ax)/(a"
890,6.</think>(a
891,X
892,"ssee.Usingacalculator:tan(40)вүҲ0.839099631.Multiplyby83:0.839099631*83.Let'scompute0.839099631*80=67.12797048,0.839099631*3=2.517298893.Addingthem:67.12797048+2.51729889"
893,A
894,t'slistthexvalueswiththeirdecimalplaces:1:-0.089552:-0.1164573:0.0819534:0.0897725:0.0517216:0.0001967:0.0715228:0.0330099:0.035110:-0.0199611:0.05577912:0
895,"(1/20),sob^x=(2/7)^(x/20).Letmeconfirm.Sinceb^20=2/7,thenb=(2/7)^(1/20),sob^x=(2/7)^(x/20).Soyes,that'scorrect.Alternatively,maybewecanwriteitusingbasee.Let'ssee.If"
896,"expression.False.Fifth:""5x+2=2x+5isanequation"".Yes.True.Sixth:""Wecancheckwhetherx=1isasolutionof5x+2=2x+5"".Yes,that'sexactlywhatyoudo.True.Seventh:""Wecancheckwhether"
897,"hefemalesmusthaveatotalsurplustobalancethis.Sothetotalsurplusforfemalesis126.Thenumberoffemalesis16,sothemeanforfemalesis77+(126/16).Let'scomputethat.126dividedby"
898,48
899,X
900,AfterMerge-TownAhad8%AfricanAmericansвҶ’$0.08a$-TownBhad12%AfricanAmericansвҶ’$0.12b$-Thenewcityhas11%AfricanAmericansof4800residentsвҶ’$0.11\times4800=528$This
901,X
902,\dfrac{3}{2}
903,"estions.Theusermighthaveintendedtoaskforthesecondone,giventhewayit'swritten.Wait,buttheinitialinstructionsays""Solvetheproblemstepbystep...""somaybetheywanttheanswerto"
904,R
905,"2.08-2.079вүҲ0.001,soaвүҲ1.002.That'salmost1.SoyвүҲx^1.5.Let'scheckx=1:1^1.5=1,whichmatches.x=2:2^1.5=2.828,whichisverycloseto2.83.x=3:3^1.5=5.196,whichiscloseto5.2.x=4:"
906,"x=2,x=5"
907,"undaryverticesarepartofthepartition,sotheyhavedegreeequaltothenumberofedgesmeetingatthatvertexinthepartition.ForavertexontheboundaryofP(notacornerofarectangle),it"
908,".394вүҲ39.4,butmoreprecisely,0.393904*100=39.3904,soroundedtothreedecimalplacesis39.390.Wait,threedecimalplaces:39.3904is39.390whenroundedtothreedecimalplacesbecausethe"
909,1520
910,16
911,S
912,"acalculatorforbetterprecision.Let'ssaytan(34В°)вүҲ0.6745(Ithinkthat'sastandardvalue;letmeconfirm:yes,tan(34В°)isapproximately0.6745).Letmeverify:34degrees.Usingacalculator"
913,C
914,"0.000213623)isapproximately0.014616.Let'sconfirm:0.014616^2=(0.0146)^2+2*0.0146*0.000016+(0.000016)^2вүҲ0.00021316+0.0000004672+0.000000000256вүҲ0.000213627,whichisverycloseto0.0"
915,-2
916,"rightangleisatA,thetwolegsareABandAC,soareais1/2*AB*AC=1/2*3вҲҡ2*6вҲҡ2=1/2*18*2=18.Wait,3вҲҡ2*6вҲҡ2is(3*6)*(вҲҡ2*вҲҡ2)=18*2=36,thenhalfof36is18.Yep,that'sright"
917,"hours.SoxМ„вүҲ218.0833.Now,theconfidenceintervalisxМ„Вұz*(Пғ/вҲҡn).Here,Пғ=50,n=12,z=1.96for95%confidence.Computethemarginoferror(ME):1.96*(50/вҲҡ12).Let'scomputeвҲҡ12вүҲ3.46"
918,A
919,"existsasimplepathPinGstartingatX0suchthat(1/|P|)sum_{vвҲҲP}r_vвүҘr}.WeneedtofindthisR(n)forn=11,12,13,14andsumthem.First,let'sthinkaboutsmallntogetintuition.n=2:"
920,"10numbers,so10times.Thirdblock:200-299.Tensdigitis2for220-229,10numbers,so10times.Fourthblock:300-372.Now,here'swhereit'snotafullblock.300-372:let'ssee,tensdigitis"
921,T
922,Z
923,"98,33*0.2=6.6,so198+6.6=204.6.297.6-204.6=93.Correct.Forthetimewhenit'sgone:297.6/6.2.Let'sdo297.6dividedby6.2.Multiplynumeratoranddenominatorby10toeliminatedecimals:"
924,"eyear.So1900+110is2010.LetmejustmakesureIdidn'tmisinterprettassomethingelse.Theproblemsays""lettrepresentthenumberofyearsafter1900"",sot=0is1900,t=1is1901,...,t=1"
925,"f7s,wecanbreakitdownbydigitplace:hundredsplace,tensplace,unitsplace.Foreachplace,computehowmanytimes7appearsinthatplaceacrossallnumbersfrom101to977,thensumthemup"
926,"nk>Toevaluate$f(t+1)$forthefunction$f(t)=5-3t^2$,wesubstitute$t+1$intothefunction:$$f(t+1)=5-3(t+1)^2$$---Next,expand$(t+1)^2$usingtheidentity$(a+b)^2=a^"
927,"it,letmedouble-checkeachtobesure.1.Productoflogsvssum:definitelynot.Correct.2.Powerrule:yes,plnA=lnA^p.Correct.3.log(вҲҡA)=log(A^(1/2))=(1/2)logA.Correct.4.log("
928,N
929,"40.64Denominator:\(n_A+n_B-2=15+11-2=24\)So\(s_p^2=140.64/24=5.86\)Wait,140.64dividedby24:24*5=120,140.64-120=20.64;24*0.86=20.64(since24*0.8=19.2,2"
930,N
931,"(3,-3)"
932,26
933,A
934,C
935,F
936,"-3isjust-3.Sototal:-256+16k-16-3=16k-(256+16+3)=16k-275.Yes,that'scorrect.So16k-275=0=>k=275/16.Wait,but275dividedby16is17.1875,whichis17and3/16.But"
937,"with10numbers.Then1-9is9numbers.Sounitsdigitssum:-1-9:sum=1+2+...+9=45-10-79:7groups(10-19to70-79),eachgrouphasunitsdigits0-9,soeachgroupsumis45.So7*45=315"
938,49.88
939,S
940,N
941,"averageorcountforeachgroup,butfordistribution,weneedtoseethespread.Side-by-sideboxplotsshowthedistribution(median,quartiles,outliers)foreachgroup.Astem-and-leafdisplayis"
942,"aneoussolutions,butwecheckedboth.Theonlyvalidsolutionis36.Wait,letmejustmakesurethere'snootherway.Supposenisapositiverealnumber,sincesquarerootofnisrealonlyifnвүҘ"
