id,prediction
0,105950
1,A
2,"en,\(D(0.75)=110e^{-0.75k}=110(e^{-0.5k})^{1.5}=110(8/11)^{1.5}\)Compute\((8/11)^{1.5}=(8^{1.5})/(11^{1.5})=(8\sqrt{8})/(11\sqrt{11})=(8\times2.8284)/(11\times3.3166)"
3,\frac{5}{8}
4,B
5,604.67
6,B
7,\dfrac{13}{9}
8,acalculatorfor0.5^(36/31):36dividedby31isapproximately1.16129032258.0.5^1.16129032258.Let'scomputethisstepbystep.Takenaturallog:ln(0.5)=-0.69314718056.Multiplyby1.1612903
9,A
10,A
11,C
12,14
13,A
14,D
15,A
16,"tofoursignificantdigits?Wait,1.3554is1.355(foursignificantdigits)becausethefifthdigitis4,whichislessthan5,sowedon'troundup.Wait,1.3554:thefirstfourdigitsare1,3,5,5"
17,16x
18,A
19,A
20,3.000;(X-xŐĄ)¬≤=9.00039:X-xŐĄ=39-32=7.000;(X-xŐĄ)¬≤=49.00040:X-xŐĄ=40-32=8.000;(X-xŐĄ)¬≤=64.000Sumof(X-xŐĄ)¬≤is100+81+1+9+49+64=304.000ThenSUM/(N-
21,"ne,degree3,1st.Thesecond:degree4,2nd.Third:degree5,3rd.Sodegree=index+2?Wait,3=1+2,4=2+2,5=3+2.Somaybethedegreeisequalto(index)+2?Wait,no.Wait,thefirst"
22,"0.16(sinceyouneed1signature).Forp=17to32,costis$0.32,etc.Sotherangeisallmultiplesof$0.16,startingfrom$0.16(forp=1to16),$0.32(p=17to32),etc.Sotherangeis{0.16,0.32"
23,A
24,B
25,"5+17+10=95,whichmatches.Expectedis23.75each.Thesumof(O-E)^2/Eisindeed(33-23.75)^2/23.75+...=18.81.Thatseemsright.Degreesoffreedom:4-1=3,correct.Criticalvalueforalpha=0.01"
26,625L
27,"moreprecision.LetmeusetheTaylorseriesforln(x)aroundx=1.Letx=1-0.03416,soln(x)=ln(1-0.03416)‚Čą-0.03416-(0.03416)^2/2-(0.03416)^3/3-...Computefirstterm:-0.03416"
28,144
29,332.14
30,B
31,"K,I,J,F,B,H"
32,7091.67
33,B
34,\frac{504}{11\pi}
35,2010
36,0.7
37,"103+110=213Convert213tobinary:128is2^7,213-128=8564is2^6,85-64=2116is2^4,21-16=54is2^2,5-4=11is2^0.Sobits:2^7=1,2^6=1,2^5=0,2^4=0,2^3=0,2^2="
38,875
39,\approx-0.510825624$-$\ln(0.8)\approx-0.223143551$So:$$q\approx\frac{-0.510825624}{-0.223143551}\approx2.290$$---###Step3:Roundtoonedecimalplace$$q\approx2.3$$This
40,"ght:thequestionsays""howlonghasitbeensinceyourlastvisit?""whichimpliesaduration.Iftheresponsesarenumerical(e.g.,1day,2days,etc.),thenit'sInterval.Iftheyarecategorical("
41,"rticulargroupisgivenbytheformula:R=S+(1/(1/T+1/W))ThisformulacanbesimplifiedtotheformA/BwhereAandBcontainnofractions.A=[ANS]B=[ANS]SupposethatS=27ő©,T=64ő©andW=95ő©"
42,A
43,Yes
44,"(-1,-3)"
45,C
46,"Forthehorizontalcomponent:429.80424135...Sotothreedecimalplaces,it's429.804(sincethefourthdecimalis2,whichislessthan5,sowedon'troundup).Fortheverticalcomponent:1012"
47,9
48,E
49,u
50,C
51,E
52,46080
53,F
54,A
55,6
56,C
57,"t'stheanswer.</think>Tofindthefirstquartile(Q1),thirdquartile(Q3),andinterquartilerange(IQR)forthegivensampleofSATscores,webeginbysortingthedatainascendingorder:$$5"
58,C
59,A
60,38
61,"alitymightnothold.Forexample,takep(x)=x^2+x(neither),q(x)=x^2+x(neither).Thenf(x)=1.Wait,that'seven.Wait,butpandqarethesamehere.Wait,p(x)=x^2+x,q(x)=x^2+x"
62,"2,-2"
63,C
64,"tobottomofsecondstorey-$h_2$=heightfromgroundtotopofsecondstorey-$x$=heightofthe**secondstorey**(i.e.,$x=h_2-h_1$)Fromtherighttriangleformedbythehorizontal"
65,\begin{array}{c}-\dfrac{15}{13}\\\dfrac{13}{15}\\-\dfrac{15}{13}\\-\dfrac{13}{15}\\\dfrac{13}{15}\\-\dfrac{13}{15}\end{array}
66,".1.2941iscloseto1.3.Let'scomputeln(1.2941).Let'suseTaylorseriesaround1.3.Letx=1.3,delta=-0.0059.ln(1.3-0.0059)=ln(1.3)+(-0.0059)/1.3-(0.0059)^2/(2*(1.3)^2)+...‚Čą0.2624-0.0045"
67,122
68,F
69,E
70,\dfrac{133\pi}{90}
71,"[-8,\infty)"
72,250
73,H
74,A
75,"oheight=wire-4.That'sstandardEnglish:""AisBlongerthanC""meansA=C+B.So""wireis4feetlongerthanheight""=>wire=height+4.Correct.Letmetrytowritethepolynomialequation"
76,105.4
77,"Let'sgetapproximatevalueswithatleastonedecimalplace,butmaybekeepmoreforintermediatestepstoavoidroundingerrors.First,computesin(67¬į):sin(60)=‚ąö3/2‚Čą0.8660,sin(67)isabitmore"
78,A
79,"itasafraction,butsinceit'sareal-worldproblem(cupsofjuice),it'sprobablyadecimal.Letmecheckwiththeinitialcalculation.Original:50cups,5%juice:2.5cupsjuice.Afteraddingx"
80,3360
81,A
82,G
83,"obecausetheproblemsays""suddenrainstorm"",whichmighthaveafiniteduration,butevenso,duringthestorm,it'sincreasing.Wait,perhapstheproblemisdesignedtosaythatit'snotinvertible"
84,"-1+i\sqrt{6},-1-i\sqrt{6}"
85,A
86,D
87,A
88,A
89,E
90,F
91,A
92,E
93,x-r_min)/2.Let'scomputeaandc.r_max+r_min=(ed)/(1-e)+(ed)/(1+e)=ed[(1+e+1-e)/(1-e¬≤)]=ed[2/(1-e¬≤)]Soa=(r_max+r_min)/2=(ed)/(1-e¬≤)r_max-r
94,D
95,D
96,B
97,"arginoferrorlessthanorequalto0.05"".Soifn=300givesexactly0.05,then300wouldwork?Wait,butthecalculationgaven‚Čą300.568,son=301isthesmallestintegerwhereE‚Č§0.05.Wait,let's"
98,80
99,A
100,".000922+0.0046+0.00068‚Čą0.01244.Soapproximately0.0124.That'sverysmall.Hmm.Wait,isthatright?Letmethink.Wait,thechi-squaredtestforindependence.Thedegreesoffreedomhereis("
101,G
102,6\times10^6
103,"ndtermis-1/16,sodenominator16,whichis4¬≤,son=2denominatoris16=2‚Āī,yes,son‚Āīiscorrect.Sotermnis(-1)^(n-1)/n‚Āī.Let'swritethatas(-1)^(n-1)n^{-4},buttheproblemsays""formula"""
104,\frac{1}{2}
105,"obesimplified.Let'ssee.Ifwewrite25+0.65(m-500),that'smoreexplicitaboutthestructure(basefeeplusadditional),whereas0.65m-300isthesimplifiedform.Inmanytextbookproblems"
106,C
107,"ce$\alpha$isin**quadrantIV**,where**sineisnegative**,wechoosethe**negative**root:$$\sin(\alpha)=-\frac{2\sqrt{14}}{9}$$---###FinalAnswer$$\boxed{-\dfrac{2\sqrt{14}}{9}}"
108,"\frac{2\pin}{6\pi}=\frac{1}{4}+\frac{n}{3}\).Sotheminpointsareat\(x=\frac{1}{4}+\frac{n}{3}\).Themaxpointsoccurwhen\(\sin(6\pix)=1\),so\(6\pix=\frac{\pi}{2}+2\pi"
109,448
110,D
111,"alpoint(a,b)onf(x)becomes(8a,b)onf((1/8)x).Wait,let'ssee:iff(a)=b,thenf((1/8)(8a))=f(a)=b.Sothepoint(8a,b)isonf((1/8)x).Then,applyingtheverticalscalingby1/8"
112,F
113,"-V(27.994).Let'scomputeboth.First,V(28.006)-V(28)=3*28¬≤*0.006+3*28*(0.006)¬≤+(0.006)¬≥.Computeeachterm:3*28¬≤*0.006=3*784*0.006=2352*0.006=14.1123*28*(0.006)¬≤=84*(0.000036)"
114,A
115,A
116,420\cdot(0.18)^n
117,\frac{17}{60}
118,47069
119,"issatisfied.AnswerA.Onlyassumption1issatisfied.Wait,let'sgobacktothefirstproblem.Theuserwrote""Samplesize:n=100,Relativefrequencies:0.65,0.30,0.05[ANS]A.Onlyassumption2"
120,A
121,E
122,C
123,B
124,"‚Üíc=15-2m.Plugintomoney:3m+5(15-2m)=25‚Üí3m+75-10m=25‚Üí-7m=-50‚Üím=50/7‚Čą7.1429,c=15-100/7=5/7‚Čą0.7143Moneyandsleep:m+4c=16‚Üím=16-4c.Plugintomoney:3(16-4c)+5c=25‚Üí48-12c+5c=25‚Üí-7c="
125,"Let'suseacalculator.Forexample,inR,qnorm(0.98)givesapproximately2.0537.Let'stakez‚Čą2.054.Soz‚Čą2.054Computez¬≤:(2.054)^2‚Čą4.219(3.3)^2=10.89Son=(32*4.219)/10.89‚Čą(1"
126,24
127,",186.1,174,171.7,170.8,171.9,167.6,162.3,166.2,161.1,177.5,177.8,166.2,177,162.5,166.6,169.7,178.4,175.8,170.4,168.4,173.9,176.4,172.8,181.5,180.1,167.7,174.1,173.4,166.7"
128,T
129,A
130,B
131,A
132,"5.06,thenAiscorrect.Nowthesecondproblem:df=(4,10),area0.005totheright.Sodf1=4,df2=10,őĪ=0.005.InF-tables,forőĪ=0.005,df1=4,df2=10.Letmethink.For"
133,\frac{14}{3}
134,A
135,5\sqrt{11}
136,"T,T,F,T"
137,70
138,A
139,ina:16a¬≤+8xa+[x¬≤+(y-5b)^2-9]=0.Usingquadraticformula:a=[-8x¬Ī‚ąö((8x)^2-4*16*(x¬≤+(y-5b)^2-9))]/(2*16)Computediscriminant:(8x)^2-4*16*(x¬≤+(y-5b)^2-9)=64x¬≤
140,(v^7)^3)\cdot(3v^2)}=\left(2p^4v^7\right)\cdot\sqrt[3]{3v^2}$$---###Step3:Identify$A$and$B$Fromthesimplifiedform:$$\sqrt[3]{24p^{12}v^{23}}=2p^4v^7\cdot\sqrt[3
141,9
142,C
143,25
144,500
145,C
146,E
147,0
148,C
149,T
150,"2.3‚Čą0.1003).Sof(2.095)=0.100-2.095+2=0.100-0.095=0.005>0.f(2.1):asabove,‚Čą-0.001.Sotherootisbetween2.095and2.1.Let'sdolinearapproximation.Atx=2.095,f=0.005;x=2"
151,"fourdecimalplaces,asiscommoninsuchproblems.Letmeconfirmwithmoreprecisecalculation.Usingacalculator(sinceasamathematician,Icanusestandardcalculatorvalues):sin(0.6)‚Čą0.5"
152,13.26
153,B
154,H
155,\dfrac{37}{160}
156,45
157,(m-27)(m-P)
158,C
159,",thenullhypothesisisőľ=210.WearetestingwithőĪ=0.05,two-tailed.Thecriticalregioniswhen|xŐĄ-210|>z*(ŌÉ/‚ąön),wherezis1.96forőĪ=0.05.So,thecriticalxŐĄvaluesare210¬Ī1.96"
160,C
161,"egersuchthatp(n)‚Č§0.55whenn=[ANS].Wait,maybe.Letmethink.Let'stakeanexample.Supposen=1:p(1)=7258072/7258073‚Čą0.99999986,whichis~100%,sogreaterthan55%.n=1000:p(1000)‚Čą("
162,237
163,1.4
164,"salwaysthepopulationmean,regardlessofsamplesize.SoanswerA.Exactly6.5.Part(e):Samplestandarddeviationforn=150.Theexpectedvalueofs.Similartopart(b).Theexpectedvalueofs"
165,B
166,^{80}\left(1-\frac{1}{n}\right)=\prod_{n=2}^{80}\frac{n-1}{n}$$Thisisequivalentto:$$\frac{1}{2}\cdot\frac{2}{3}\cdot\frac{3}{4}\cdot\ldots\cdot\frac{79}{80}$$---###Step2
167,\frac{65\pi}{36}
168,-\frac{3}{2}
169,5730
170,8k^9
171,"36=89;89+24=113;113+16=129;129+24=153;153+30=183.That'scorrect.ő£x:7+5=12,+6=18,+6=24,+2=26,+3=29,+5=34.Correct.ő£y:4+5=9,+6=15,+4=19,+8=27,+8=35,+6=41.Correct.ő£x¬≤:7¬≤=49,5¬≤=2"
172,B
173,25
174,F
175,D
176,H
177,"44.Correct.9.52-9.81=-0.29,squared0.0841.Correct.9.68-9.81=-0.13,squared0.0169.Correct.9.88-9.81=0.07,squared0.0049.Correct.Let'saddthemagainmorecarefully:0.0484("
178,91000
179,"eproblemsays""relativegrowthrateof250percentperhour"".Let'sseestandardterminology.Inmanymathproblems,whentheysay""growsatarateofr%pertime"",it'softendiscrete,meaningeach"
180,C
181,\frac{256}{81}
182,A
183,12
184,"0,-\frac{11}{8}"
185,G
186,8x^5y^9
187,"answersare:1.False2.True3.True4.TrueWait,butwait.Wait,statement3says""thisillustratesthecharacteristicofsamplingerror.""Theconfidenceintervalisaresultofsamplingerror"
188,0.000777
189,"70*(0+i1)=0+i0.9170i=z_2-1=-1+i0.9170k=3:angle=3ŌÄ/4‚Čą2.3562radianscos(3ŌÄ/4)=-‚ąö2/2‚Čą-0.7071,sin(3ŌÄ/4)‚Čą0.7071z_3=0.9170*(-0.7071+i0.7071)‚Čą-0.6500+i0.6500i=z"
190,"10^(7/10),whichisapproximately5.01.Buttheproblemmightwanttheexactexpression,butintheproblemstatement,theywrote""multipliesIwith10""for10dB,sotheyare"
191,ep3:AddtheEyeHeighttoGetTotalKiteHeightThetotalheightofthekiteisthesumoftheheightfromtheeyestothekiteandtheperson‚Äôseyeheight:$$\text{Totalheight}=32.4525+5.5=
192,1
193,2.30
194,A
195,"x-1$,soweuse$c=1$insyntheticdivision.---###Step1:WritedownthecoefficientsofthedividendThepolynomialis:$$x^5-x^4+7x^3-7x^2+5x-10$$Sothecoefficientsare"
196,340
197,C
198,"ellength=k*reallength=(1/24)*900=37.5inches.37.5isadecimal,butit'sexact(since900/24=37.5).Somaybetheywant37.5or75/2?Theproblemsays""ininches"",so37.5isfine,or75/2"
199,6
200,A
201,"tiveprobability(areatotheleft)is0.8264,sotheareatotherightis1-0.8264=0.1736.Butourzisapproximately0.9436,whichisabithigherthan0.94.Let'scheckz=0.94:0.8264,z=0.95:"
202,"15.3125is245/16,aswesawearlier.So:C=(245/16)*(16/49)=245/49=5.Because49*5=245.Oh,that'snice!SoC=5.Letmeverifywiththesecondpointtomakesure.IfC=5anda=7/4,thenf"
203,"48*21578.28:4*448=1792;1792*21578.28.Let'scomputethat.First,1792*20000=35,840,0001792*1578.28:Let'scompute1792*1500=2,688,000;1792*78.28‚Čą1792*70=125,440;1792*8.28‚Čą1792*8=14,336;1792*0"
204,32
205,"testeps"",somaybetheywanttheexactvaluebeforerounding.Wait,let'sdoitmoreprecisely.First,p=24/126=4/21‚Čą0.19047619047619047Sop*(1-p)=(4/21)*(15/21)=60/441=20/147‚Čą0.1"
206,-\frac{9}{8}
207,294
208,"\frac{\pi}{6},\frac{5\pi}{6}"
209,"85.Usingaz-table,theclosestvalueto0.985is2.17,whichgives0.9850.Soz=2.17isaccurateenough.Sowithz=2.17,SE=7/sqrt(105)‚Čą0.6830,ME=2.17*0.6830‚Čą1.482.SoLCL=26-1.482=24.518,UCL="
210,A
211,"tis10,sotheotherrootis(57575/2212)-10.Let'scompute57575/2212.Let'sdivide57575by2212.2212*26=2212*20+2212*6=44240+13272=5751257575-57512=63,so57575/2212="
212,116.25
213,"andardone.Wait,98.2%is1-0.018,sothez-scoreissuchthattheareaintheuppertailis0.009.Let'ssee,insometables,thez-scorefor0.991cumulativeprobabilityis2.39(since2.39gives"
214,"6.x=48.4,y=1090:48.4*1090.Let'scompute48*1090=52320,0.4*1090=436,so52320+436=527567.x=45.6,y=1200:45.6*1200=547208.x=43.5,y=1200:43.5*1200=522009.x=45.8,y=990:45.8*990.45.8*"
215,B
216,A
217,"{1.732}{2}=5.1\times0.866\approx4.4166$$Roundedtotwodecimalplaces:$$\text{Longerleg}\approx4.42$$---###FinalAnswerTheproblemasksforthetwolegsinorder,withthefirst"
218,572.00
219,=-0.544333...Nowsquareeach:(0.088666...)^2=(88666.../1000000)^2‚Čą(0.0886667)^2‚Čą0.007862(0.455666...)^2‚Čą(0.4556667)^2‚Čą0.2076(-0.544333...)^2‚Čą(0.544333)^2‚Čą0.2962Sumofsquares:
220,81
221,"isB,(c)isB.Sothefinalanswersare:(a)\boxed{B}(b)\boxed{B}(c)\boxed{B}Buttheusersays""Placethefinalanswerinside\boxed{}anddonotwriteanythingaftertheboxedanswer.""So"
222,"4},0\right)$and$\left(\frac{\sqrt{13}}{4},0\right)$y-intercept:$(0,-13)$range:$[-13,+\infty)$$$\boxed{(-\frac{\sqrt{13}}{4},0),(\frac{\sqrt{13}}{4},0),(0,-13),[-13,+\infty)}"
223,A
224,"g(x)=8x^4+6x,\quadh(x)=\csc(x)"
225,7.77
226,A
227,",722;thethousandsplaceisthe'3'in3,722).So3islessthan5,sorounddownto5,850,000.For5856722:5,856,722.Thethousandsdigitis6(in6,722),whichis6>=5,soroundupto5,860,000"
228,F
229,SS=262-F-statistic=18.43WeusetherelationshipbetweentheF-statisticandthemeansquares:$$F=\frac{\text{MS}_{\text{reg}}}{\text{MS}_{\text{res}}}=\frac{\frac{872}{\text{df}_{\text{
230,"thenullhypothesisthatthetrueproportionp=0.80.Thestandarderrorforthesampleproportionunderthenullissqrt(p*(1-p)/n),wherenisthesamplesize(100here).Wait,thequestionsays:"""
231,"6.Thennextpart:""WhatRGBcolorvectordoestheHTMLcolorvectorAEC36Erepresent?""Wait,HTMLcolorcodeissixdigits,soAEC36Eisthehexstring,whichisthreetwo-digithexnumbers:AE,C3"
232,D
233,B
234,A
235,A
236,A
237,7
238,710
239,A
240,"l:fordf=14,90%confidence(two-tailed)is1.345.Thestatementsays1.341.Close,butmaybeit'saprecisevalue.Wait,let'scheck.Forexample,instandardt-tables,df=14,90%confidence(two-t"
241,"s-5.00.Thenpart(d):Constructa98%confidenceintervalfor(őľ‚āĀ-őľ‚āā).Theformulafortheconfidenceintervalis(xŐĄ‚āĀ-xŐĄ‚āā)¬Īz**SE,wherez*isthecriticalvaluefor98%confidence.Fora9"
242,17
243,\frac{16}{9}
244,E
245,40-640v
246,A
247,A
248,LARGER
249,"legh,horizontalleg14m,angleatthetop(spotlight)is49degreesbetweenverticalandbeam.Soyes,tan(theta)=opposite/adjacent=horizontal/vertical=>tan(49¬į)=14/h=>h=14/tan"
250,"Let'ssee.Ifweusepooledvariance,thepooledvariances_p¬≤=[(n‚āĀ-1)s‚āĀ¬≤+(n‚āā-1)s‚āā¬≤]/(n‚āĀ+n‚āā-2)Computethat:(25*125.44+24*132.25)/(26+25-2)=(3136+3174)/49=6310/49ÔŅĹ"
251,B
252,"alepriceafter7years.Let'ssee:iff(x)istheappreciation,thenafter7years,theappreciationis7000*7=49000,sothetotalvalueisoriginal+49000=165000,sooriginalis116000.Butthe"
253,H
254,H
255,20
256,"hetwotests).Wait,butthequestionsays""theaveragescoresofstudentsonapairoftests"".Hmm,maybeit'stheaverageofallstudents'scoresonthetwotests.Notsure.OptionD:""comparesthe"
257,C
258,D
259,"gative)-$y=5$(positive)Thus,theradius$r=\sqrt{(-2)^2+5^2}=\sqrt{29}$---###Step3:ComputeEachTrigonometricFunctionUsingthestandarddefinitions:$$\sin(\alpha)=\frac{y}{"
260,"eckthatagain.(0+6)^2=36,(0+2)=2,(0-4)=-4.So36*2*(-4)=36*(-8)=-288.Thenmultiplyby-6/288:(-6/288)*(-288)=6.Yes,correct.SoEhasy-intercept6.OptionF:y=-6/"
261,12
262,C
263,exactly:xŐĄ=690/12=57.5z=(57.5-60)/(8/sqrt(12))=(-2.5)/(8/(2*sqrt(3)))=(-2.5)*(2*sqrt(3))/8=(-5*sqrt(3))/8‚Čą(-5*1.732)/8‚Čą(-8.66)/8‚Čą-1.0825.Soapproximately-1.0
264,40100
265,"lytheformgiven:r‚ąö5+s‚ąö3overn.Letmecheckif197isindeedthedenominator.Wait,whenIdidtheexpansion,thedenominatorwas245-48=197,yes,that'scorrect.245minus48:245-40=2"
266,A
267,A
268,8
269,edenominator:$$p=\frac{4\sqrt{11}}{\sqrt{5}}\cdot\frac{\sqrt{5}}{\sqrt{5}}=\frac{4\sqrt{55}}{5}$$---Thisistheexactvalueof$p$when$q=5$.$$\boxed{\dfrac{4\sqrt{55}}{5}}
270,E
271,H
272,"0),sorootbetween-0.5and-0.4.x=-0.45:(-0.45)^4=(0.45)^4=(0.2025)^2=0.04100625-0.27*(-0.45)^3=-0.27*(-0.091125)=0.024603756.676*(-0.45)^2=6.676*(0.2025)‚Čą6.676*0.2=1.3352"
273,"=17-119/1=119-1/7(alreadyreduced)-7/7=1(reduced)-17/7(reduced)-119/7=17(reduced)-(-1)/1=-1,etc.Sotheuniquepossiblerationalroots(inlowestterms)are:¬Ī1,¬Ī1/7"
274,"So(j)isaskingforthenumberofchairstobreakeven.Ifbreak-eveniswhencostequalsfixedcost,thenn=0,but0isn'tlistedintheexpressions.Theoptionsare(a)-(d)orNone.So(j)wouldbe"
275,-1
276,F
277,"H1:p1-p2>0.05.Sod0=0.05.First,computepŐā1=64/95‚Čą0.673684,pŐā2=45/92‚Čą0.489130.Computethestandarderror(SE):sqrt((pŐā1(1-pŐā1)/n1)+(pŐā2(1-pŐā2)/n2))CalculatepŐā1(1-pŐā"
278,"eachobservationisatwinboy'sattentiontime.Soiftheyhave70twinpairs,theyhave140twinboys,son=140.Wait,butmaybetheproblemisusing""sets""incorrectly,andn=70.Let'ssee.Let's"
279,B
280,A
281,F
282,G
283,78
284,B
285,26
286,"=128881.Correct.4ac=4*5*1134=20*1134.Let'scompute1134*20:1134*10=11340,so22680.Correct.SoD=128881-22680=106201.Let'scheckif106201isaperfectsquare.Let'stry325:325¬≤=105625.32"
287,G
288,E
289,",sotheconfidenceintervalis97.98-0.02=95.96%?Wait,no.Wait,theconfidencelevelis96%,sotheareabetween-zandzis0.96,sothecumulativeprobabilityuptozis0.98.Letmechecka"
290,C
291,G
292,219
293,1
294,A
295,A
296,A
297,"=b,hypotenuseh=a‚ąö2,altitudetohypotenused=(a*a)/h=a¬≤/(a‚ąö2)=a/‚ąö2=16‚áía=16‚ąö2,soh=16‚ąö2*‚ąö2=32.Perimeterp=16‚ąö2+16‚ąö2+32=32‚ąö2+32=32(1+‚ąö2)‚Čą32(2.414)‚Čą77.25.Now"
298,75s+20c
299,1820
300,B
301,20a^2b-30ab^2
302,7.5
303,A
304,"pectednumberwithnonmedicalcomplaintwholeft.Columntotalfornonmedicalis144,rowtotalleftis148.Expected=(148*144)/444.148*144:150*144=21600,minus2*144=288,so21600-288=21"
305,"|=|0.1182|=0.1182So-0.7568ismuchcloserto-0.75thanto-0.875.Wait,that'sabigdifference.Wait,wait:-0.7568is-0.75-0.0068.Soit's0.0068below-0.75.Thenexteighthupis-0"
306,H
307,14}{1}a^{13}(-4b)^1=14\cdota^{13}\cdot(-4b)=-56a^{13}b$$---###**Term3(k=2)**$$\binom{14}{2}a^{12}(-4b)^2=\frac{14\cdot13}{2}\cdota^{12}\cdot(16b^2)=91\cdot16\cdot
308,"F,T,T,T,T,F"
309,144
310,C
311,1
312,"et'scomputethat:2*0.019832=0.039664,0.326*0.019832‚Čą0.00646.SototalME‚Čą0.039664+0.00646‚Čą0.046124.Sothelowerboundis0.683636-0.046124‚Čą0.637512.Upperboundis0.683636+0"
313,B
314,"whethereachtablerepresentsalinearfunction,weexaminethe**rateofchange**(slope)betweenconsecutivevalues.Afunctionislinearifthe**differenceinoutputvalues**(őĒf)isconstantwhen"
315,C
316,F
317,-\frac{49}{8}x+4
318,A
319,41
320,"intabovethesurface,sothelineofsightfromoureyes(onthesurface)tothetopofthespaceship(habovesurface)isastraightlinethatjusttouchestheplanet'ssurfaceatthehorizonpoint"
321,8\cos^3(x)+6\cos^2(x)-6
322,\log6+\log(x-y)+\log(x+y)
323,-6
324,",allpointsofthefirstcircleareinsidethesecondcircle.Hence,theareaoutsidethe"
325,B
326,inches
327,1060
328,"ertobeapproximately38.7,butmayberoundedtothenearestwholenumber.Let'sseeif38monthsgivesH(t)lessthan14,and39monthsgivesmorethan14.Let'scomputeH(38):H(38)=20-13e^(-"
329,B
330,A
331,+928\\\hline&&&&&&\\\hline[ANS]&&[ANS]&&[ANS]&&[ANS]\\\hline\end{array}$$Thisindicatesthateachcolumncorrespondstoaseparateadditionoftwonumbers.---###Step-by
332,A
333,185.53
334,E
335,8(s-3)(r-3)
336,A
337,"ypothesis$H_0$isthatthepopulationmeanweightis4.55grams.Theresearcherwondersifthehummingbirdsdifferfromthepopulation(i.e.,notequal),sothealternativehypothesisis$H_a:\mu"
338,"terintuitive.Wait,let'stakespecificlargetvalues.Let'ssayt=100years.ForsubstanceA:\(f(100)=100*(1/2)^{100/21}\approx100*(0.5)^{4.7619}\approx100*(0.5^4)*(0.5^0.7619)\"
339,-2
340,F
341,A
342,G
343,\sqrt{10}
344,32
345,G
346,B
347,-512
348,G
349,A
350,77.606
351,\text{INCREASES}
352,120
353,D
354,"on.Partb:cartesiancoordinatesforP.Sox=rcosőł,y=rsinőł.Wehaver‚Čą7.634986,őł‚Čą3.7128radians(13ŌÄ/11‚Čą212.727¬į).Let'scomputexfirst:rcosőł=(11+4cosőł)cosőł=11cosőł+4cos¬≤"
355,A
356,H
357,C
358,B
359,"hevalueatthatposition.4.Ifiisaninteger,thep-thpercentileistheaverageofthevalueatpositioniandthevalueatpositioni+1.Yes,that'sacommonmethod.Let'sapplythat.First"
360,-\dfrac{1}{5}
361,A
362,".Theresponsevariableiswhethertheyswitchtothenewairlineaftersixmonths.Blockingvariableisavariablethatiscontrolledtoreducevariability.Here,theyaresplittingintoleisureand"
363,15.313
364,G
365,C
366,8^{14}
367,3
368,"/9.Thenvarianceis(3738/9)/6=3738/(9*6)=3738/54=623/9‚Čą69.2222.Yes,thatseemsright.Letmecheckwithdecimalcalculationstoconfirm.Mean:466/6‚Čą77.6666667.Computeeach(x-mean)^2:8"
369,"isleft?Compute\(N(60)=14e^{-0.03197*60}\)First,0.03197*60‚Čą1.9182\(e^{-1.9182}‚Čąe^{-1.9}‚Čą0.1496\),\(e^{-1.9182}‚Čą0.147\)(since1.9182isabitmorethan1.9,soe^-1.9182"
370,B
371,E
372,A
373,"3,5:26,6:27,7:31,8:36,9:41,10:47,11:53.Ifweaddx,thenewlisthas12elements.Let'sseehowxaffectsthepositions.Tominimizethemedian(whichisaverageof6thand7th),weneedthe"
374,"23,750+9,000,000=13,623,750So\(\sumx^2=13,623,750\)Now\(\sumy^2\):Computeeach\(y_i^2\):5.8¬≤=33.647.3¬≤=53.2912.1¬≤=146.4124¬≤=57644.3¬≤=let'scalculate:44¬≤=193"
375,H
376,21p
377,A
378,"t^2+v_0t+y_0$$Given:-Initialvelocity$v_0=88\,\text{m/s}$-Initialposition$y_0=79\,\text{m}$-Time$t=12\,\text{s}$-Accelerationduetogravity$a=-9.8\,\text{m"
379,"quare,soit'sadecimal.Letmecheckwithacalculator.IfIhaveacalculator,sqrt(63.22)isapproximately7.951,so7.95mmwhenroundedtotwodecimalplaces,buttheproblemsays""determinethe"
380,"luesarestandard.Let'sthink.Alternatively,maybetheproblemisexpectingmetousethefactthat93.5%confidencecorrespondstoaspecificchi-squarevalue.Let'ssee.First,let'srecallthat"
381,24.6
382,C
383,414
384,F
385,A
386,0.680625
387,A
388,"henextdigitis5,soweroundupthethirddecimalfrom9to10,whichcarriesover.Wait,that'simportant.Wait,let'sdothelongdivisionmorecarefullytogetthefourthdecimaltoknowhowto"
389,F
390,-12
391,A
392,"lationproportionisapproximately0.31.Sop=0.31,so1-p=0.69.Usingthesameformula:n=(Z^2*p*(1-p))/E^2.Assumingthesamez-score(95.5%,soz‚Čą2.005asbefore,butmaybetheystilluse"
393,A
394,"dependent,theexpectationstillholds.Forexample,ifyouhavetwodependentsamples(likepaireddata),theexpectedvalueofthedifferenceofthesamplemeanswouldstillbethedifferenceofthe"
395,A
396,17
397,B
398,"t,1571.4*1000=1,571,400.2,700,000-1,571,400=1,128,600.1571.4*700=1,099,980(asbefore).1,128,600-1,099,980=28,620.1571.4*18=28,285.2.28,620-28,285.2=334.8.1571.4*0"
399,A
400,"[5,1,4,0,3,2]"
401,"sisnow(k*mean1-mean2),soSSBwouldbeaffected.Also,thewithin-groupvarianceforthatgroupisscaledbyk¬≤.SotheF-statisticwouldchange.SoDchangestheresults.Wait,butthequestion"
402,A
403,H
404,6020.00
405,\frac{C-630}{50}
406,h=84+0.8t
407,80
408,nt:**-3**---###Step2:Compute$R(P+Q)$Given:-$R=b^3-3$-$P+Q=7b^3+b^2+6b-3$Multiply$(b^3-3)(7b^3+b^2+6b-3)$:Distributeeachterm:-$b^3\cdot7b^3=
409,"\frac{3\pi}{4},\frac{7\pi}{4}"
410,"\left(-\dfrac{1}{2},\dfrac{1}{4}\right)"
411,D
412,A
413,8
414,"aseshiftisŌÄ/2(positive,right).Soinourproblem,phaseshiftis4/(6ŌÄ)=2/(3ŌÄ).Sothat'stheanswer.Letmerecap:Amplitude:23(sinceit'sthecoefficientinfrontofthecosine)Period:"
415,A
416,"49Soő£x¬≤=27449.Now,computetheslopeb:b=[nő£xy-ő£xő£y]/[nő£x¬≤-(ő£x)¬≤]n=10.Numerator:10*32476-515*607Firstcompute10*32476=324760515*607:Let'scompute500*607=303500,15"
417,E
418,T=1.02x+10
419,18.98
420,A
421,"3,-13"
422,"Let'strytosolvepartcfirsttoseeifwegetanicenumber,becauseusuallytheseproblemshaveintegersolutions(sinceyoucan'tsellafractionofaburgerorhotdog).Let'sdothat.Wehave:"
423,E
424,6\frac{2}{7}
425,C
426,6
427,Assumethat:tan(11.16¬į)‚Čą0.1972tan(12.66¬į)‚Čą0.2255Let'scheckwithactualcalculator(pretendingIhaveone):LetmeuseGoogle'scalculator(mentally):tan(11.16degrees)=tan(11.16)‚Čą0
428,C
429,e^2
430,A
431,B
432,"earthquake..."".SoSumatra'swavesarelarger,soW‚āā>W‚āĀ,soratioW‚āā/W‚āĀ>1,which50is.Let'sverifywiththemagnitudes.IfM=log(W/W‚āÄ),thenW=W‚āÄ*10^M.SoW‚āā=W‚āÄ*10^8.8,W‚āĀ=W‚āÄ*10^7"
433,D
434,C
435,518
436,\frac{y^2}{32}
437,H
438,"cycles:floor(211/8)=26,since26*8=208,211-208=3.Soeachbirdeats26pellets(sinceeachcyclegiveseachbirdonepellet),and3left.Yes,thatseemscorrect.Sosummarizing:a)16and5b"
439,D
440,"culated.Wait,no:őł=ŌÄ/10+kŌÄ/5,sokŌÄ/5is(2kŌÄ)/10,solet'swriteallőłwithdenominator10tomakeiteasier.Yes,bettertowriteallsolutionsasmultiplesofŌÄ/10toavoidconfusion.cos5őł"
441,H
442,E
443,59+m
444,"Nowwehaveequation4:64b1+32b2=183Equation5:32b1+40b2=-6Let'ssimplifyequation5bydividingby8:4b1+5b2=-6/8=-3/4.Wait,maybebettertouseelimination.Letmewriteequation"
445,"onedecimalplace,100isexact.Let'scomputemoreprecisely.Forarclength:17ŌÄ/6.ŌÄisapproximately3.1415926536.So17*3.1415926536=53.4070751112.Dividedby6:53.4070751112/6‚Čą8.90117918"
446,"80,-160,320"
447,"-4+1)=g(-3)=6$$‚úÖThismatchestherequiredpoint$(-4,6)$.---###**(b)Translatedgraphcontainsthepoint$(-3,10)$**Again,startingfromthepoint$(-3,6)$on$g(x)$,wewant"
448,"6+\sqrt{31},6-\sqrt{31}"
449,A
450,"ethisbehavior(e.g.,sinefunctionwithamplitudeandphaseshift).h(x):9,8,9,10,9.Soit'sabitwavy:9atx=-2,8atx=-1,9atx=0,10atx=1,9atx=2.Thatlookslikeaparabola(quadratic)"
451,".33333(5decimalplaces)Fifthmean:134/3=44.6666666666...Sosameassecondmean:44.66667(5decimalplaces)Letmeconfirm:166dividedby3:3*55=165,so166/3=55+1/3‚Čą55.3333333333...1"
452,13
453,250
454,C
455,"after40yearsofgrowthfrom1953,soyes,P0=13,000,000/(1.08)^40.Wait,let'suseamoreprecisevaluefor(1.08)^40.Let'srecallthatln(1.08)‚Čą0.076961,so40*ln(1.08)‚Čą3.07844,soe^3.0"
456,45
457,85.94
458,E
459,"so|x(x-9)|=-x(x-9)=-x¬≤+9x.Thenequationbecomes-x¬≤+9x=40x+6‚áí-x¬≤-31x-6=0‚áíx¬≤+31x+6=0.Now,let'ssolveeachquadratic.Case1:x¬≤-49x-6=0.DiscriminantD1=4"
460,F
461,C
462,182
463,"mecheckstandardsources.Forexample,theF-distribution'ssupportis[0,‚ąě),soBiswrong.Thedegreesoffreedomfornumeratoranddenominatorcanbeanypositiveintegers,soCiswrongbecause"
464,5x^4-3x^3+14x^2+20
465,A
466,Votingyearsafter2013
467,-252
468,onstepbystep.SetcostofAequaltocostofB:30+0.18m=500.18m=50-30=20m=20/0.18Convert0.18tofraction:0.18=18/100=9/50Som=20/(9/50)=20*(50/9)=1000/9‚Čą1
469,"[0,60]"
470,"esforeachadditionaloffense"".Becauseeachadditionaloffense(eachtimeyougetaticketbeyondthefirst)thecosttriplesfromtheprevious.Sothefirstis40,thesecondis3timesthefirst("
471,A
472,8
473,1.07
474,C
475,"ousethecov.unscaledcomponent.Wait,cov.unscaledisthecovariancematrixofthecoefficients,butperhapstheymeanthecoefficientsthemselves.Wait,maybetheproblemisdesignedsuchthatthe"
476,"Soő£xy=41,229.41Nowő£x¬≤.Let'scomputeeachxsquared:Firstx:57.3¬≤.57¬≤=3,249,0.3¬≤=0.09,2*57*0.3=34.2,so(57+0.3)¬≤=57¬≤+2*57*0.3+0.3¬≤=3,249+34.2+0.09=3,283.29Secondx:4"
477,mplification$$\frac{-2\sqrt{21}}{42}=\frac{-\sqrt{21}}{21}$$Thisisthesimplifiedexactformwithnoradicalsinthedenominator.---###FinalAnswer:$$\boxed{-\dfrac{\sqrt{21}}{21}}
478,"eneedtofindhowmuchabove27¬įtheangleiswherecosineis0.8855.Thetargetcosineis0.8855,whichis0.8910-0.8855=0.0055belowcos(27¬į).Sothefractionis0.0055/0.0081‚Čą0.679.Sothe"
479,-0.3
480,A
481,"rt(d)?No,part(d)isthemaximizingprice.Wait,no,theproblemsays""thefourpricesmentionedinthisproblem"".Theproblemmentions$2.20,$2.45,andpart(a)is$2.35,somaybethefourprices"
482,"they-interceptbis405500/7.Theproblemsays""findtheslope,mandy-intercept,b"".Theymightwantitasfractionsordecimals.Let'sseeiftheywantexactvalues.Since4050/7and405500/7are"
483,"goalpostsare18.5ftapart(thewidthofthegoal),whichisthestraight-linedistancebetweenthetwoposts(thechordlength).Buttheproblemsays""thedistancebetweenthegoalposts,18.5ft"
484,E
485,bleCostperPint**:\$2.45**SellingPriceperPint**:\$3.50Let$x$bethenumberofpintssoldatbreak-even.Atbreak-even:$$\text{Revenue}=\text{Costs}\Rightarrow3.50x=6545+2.4
486,A
487,"Soifthedecayisover10years,theannualratersatisfies(1-r)^10=0.957.Soweneedtosolveforr.Let'scomputethat.Takenaturallogonbothsides:10*ln(1-r)=ln(0.957)=>ln(1-r"
488,G
489,51.25
490,-\frac{1}{7}
491,"hefunction$g(d)=f(d)+3$meansthatforeachdepth$d$,thetemperatureinthenewboreholeisexactly3degreesCelsiushigherthanintheoriginalborehole.Usingthegivenvaluesof$f(d)"
492,\frac{17}{32}
493,H
494,"1.\text{Interval},2.\text{Interval},3.\text{Ordinal},4.\text{Ordinal}"
495,ng$s=9$:$$\text{Area}=\frac{\sqrt{3}}{4}\cdot9^2=\frac{\sqrt{3}}{4}\cdot81=\frac{81\sqrt{3}}{4}$$Thisistheexactareainsquareinches.---$$\boxed{\dfrac{81\sqrt{3}}{4}}
496,A
497,24
498,isthedifferencequotientforthederivative.---###FinalAnswers$$\begin{array}{cccc}1.&g(1)&=&49\\2.&g(0.1)&=&44.5\\3.&g(0.01)&=&44.05\\4.&g(0.001)&=&44.005\\\end
499,G
500,G
501,"e-6and6.5.Partb:A.Partc:twopoints.Theusersays""thefinalanswer"".Sincetheproblemisstructuredwithpartsa,b,c,buttheuserwantstheanswerboxed,perhapstheywanttheanswers"
502,44
503,"(b)asksfortheaverageannualpercentincreaseduringthisperiod.Soifwehavethegrowthfactorover47yearsis1000(since10000/10=1000),thentheannualgrowthfactorbsatisfiesb^47=100"
504,4
505,2
506,F
507,B
508,"m,maybenot.Let'sthink.OptionB:""TheobservedproportionofflightsthatarriveontimeisunusuallyhighifBlueSkyAir'sclaimistrue.""Theobservedproportionis0.71875,whichislowerthan"
509,"7}$$Thiscanberewrittenbyfactoringouttheconstant:$$Q=\left(\frac{\sqrt{7}}{5}\right)t$$Thus,thevalueof$k$is:$$k=\frac{\sqrt{7}}{5}$$---\boxed{\dfrac{\sqrt{7}}{5}}"
510,"Bisjusttaking4,soit'sequivalenttohavingmoves1-4.Buthere,thelimitisonhowmanytimesyoucantake4(OperationB)perplayer.Wait,butinthestandardgame,taking4isjustonemove"
511,G
512,3
513,"1,\13,\17,\20,\24$$Thisgivesusthesmallestthreenumbersas:$$-4,\-1,\13$$---###Step2:ComputetheSumNow,computethesumofthesethreenumbers:$$-4+(-1)+13=-5+13="
514,F
515,B
516,"B.Wait,buttheoptionsare:A.notchangetheTypeIerrorprobability.B.decreasetheTypeIerrorprobability.C.increasetheType"
517,2.356
518,\frac{7}{100}
519,A
520,C
521,C
522,B
523,"{8}-\pi=\frac{5\pi}{8}-\frac{8\pi}{8}=-\frac{3\pi}{8}$$Now,checkif$-\frac{3\pi}{8}$lieswithin$(-\frac{\pi}{2},\frac{\pi}{2})$:-$\frac{\pi}{2}=\frac{4\pi}{8}$,so$-\frac{3\pi}{8"
524,"?No,that'snotstandard.Thesamplestandarddeviationisforthestandarddeviation.Alternatively,iftheproblemisinacontextwheretheyarecomparingthevariancesoftheestimators(forthe"
525,60
526,-38
527,157.5
528,D
529,72
530,C
531,"efore,theminimalpolynomialwithrealcoefficientshavingtheserootswouldhaveroots1,1+2i,1-2i,-2-2i,-2+2i.That'sfiveroots,sodegree5.Wait,butmaybetheproblemisthattheusermade"
532,D
533,32.2
534,5n+10
535,C
536,-5
537,D
538,\frac{17}{64}
539,"tisfiestheoriginalvolumecondition:$$\frac{4}{3}\pi\left(\frac{\sqrt{15}}{2}\right)^2=\frac{4}{3}\pi\cdot\frac{15}{4}=5\pi$$Thus,theradiusis:$$\boxed{\dfrac{\sqrt{15}}{2}}"
540,\dfrac{1}{39}
541,A
542,B
543,"thatthere'snoverticalshift,buttheoptionsdon'thavethat.However,the"
544,"f(x)=\tan(x),\g(x)=7\pix"
545,"heformulainExcel:=36.8*(1.013^25-1).Let'scompute1.013^25:Usingacalculator,1.013^25.Let'sdoitstepbystepwithmoreprecision.1.013^1=1.0131.013^2=1.013*1.013=1.0261691.0"
546,",weassumecontinuity(whichpolynomialshave),andweuseIVT.Wait,anotherangle:theproblemsays""theminimumnumberofrootsthatf(x)canhave"".Soweneedtoconstructafunction(continuous"
547,"A3,B3:(181*173)/553.181*173=(180+1)(170+3)=180*170+180*3+1*170+1*3=30600+540+170+3=30600+540=31140;31140+170=31310;31310+3=31313.31313/553‚Čą56.63(553"
548,3
549,G
550,"oiseven.Wait,soratiooftwooddfunctionsiseven.Sostatement8saysit'sodd,whichisfalse.Wait,example:f(x)=x,g(x)=x.Thenf/g=1,whichiseven(since1iseven).Anotherexample:"
551,(4\tan(x)+3)
552,B
553,A
554,A
555,A
556,i+8)=320/(\pi+4)\).That'scorrect.Sothecircumferenceofthecircleis\(c=80-s=80-320/(\pi+4)\)Let'scomputethat:\(c=(80(\pi+4)-320)/(\pi+4)=(80\pi+320-32
557,16
558,42
559,D
560,A
561,"seemsodd.Wait,maybeImadeamistakehere.Wait,no.Wait,themarginoferrorissupposedtobenolargerthan0.04.Iftheprevioussamplehadamarginoferrorlargerthan0.04,thenweneeda"
562,C
563,F
564,"total*PublicTransittotal)/Total=(975*700)/1300=(975/1300)*700=(0.75)*700=525.Oh!That'sexactlytheobservedvalue.Similarly,expectedRuralPublicTransit:(325*700)/1300=(325/1"
565,"(since$x$representsasquare'ssidelength)-$17-2x>0\Rightarrowx<\frac{17}{2}=8.5$-$4-2x>0\Rightarrowx<2$Themostrestrictiveconditionis$x<2$,sothedomainof"
566,333.\overline{3}
567,9048
568,"476190476)*(1.5476190476).Let'scalculatethat:1.5476190476*1.5476190476.1.5*1.5=2.25,1.5*0.0476190476‚Čą0.07142857,0.0476190476*1.5‚Čą0.07142857,0.0476190476^2‚Čą0.00226757.Sototal‚Čą2.25+0.07142857"
569,F
570,0.07
571,B
572,918
573,E
574,F
575,0
576,F
577,A
578,770
579,73.8
580,C
581,\dfrac{2}{9}
582,4.554z
583,\frac{5}{7}
584,\dfrac{8q^2}{p^2}
585,"npartitions,butherewehavealledgespresent(completegraph),soit'sacompletegraphpartitionedintothreecliques?Wait,no:withinV_X,alledgesarecolorX(soacliqueofcolorX),within"
586,D
587,"(t)Z(t-2)]-E[Z(t-1)Z(t-2)]+E[Z(t-2)^2]Again,E[Z(t)Z(t-2)]=0,E[Z(t-1)Z(t-2)]=0(whitenoise),sothisbecomes:0.5E(X(t-1)Z(t-2))+0-0+\sigma^2Now,computeE(X(t-1)Z(t-2)).X(t-1)="
588,A
589,107
590,3^5\cdot3^4
591,43
592,G
593,G
594,"thebestresponse.""foreachpart(a)and(b).Sotheuserwantstheanswersforeachpartboxed.Buttheinstructionsays:""Placethefinalanswerinside\boxed{}anddonotwriteanythingafterthe"
595,approx0.115833$$---###Step3:CalculateTestStatisticTheformulaforthez-teststatisticis:$$z=\frac{\hat{p}-p_0}{\sqrt{\frac{p_0(1-p_0)}{n}}}$$Where:-$p_0=0.127$-$n=
596,D
597,A
598,15
599,"perfraction,secondmixednumber.Let'swritethemasperinstructions.Wait,theproblemsays""Evaluateeachofthefollowingexpressions.Youranswermustbeinsimplestform[aproperfractionor"
600,A
601,C
602,C
603,200.00
604,\frac{3}{4}
605,620
606,\dfrac{117}{8}
607,"(3x+2)(5x-6).Maybetheywantitwrittenas(3x+2)(5x-6)orexpanded,butsincetheproblemsays"
608,54
609,A
610,16
611,D
612,A
613,"74"",whichisthe74thpercentile.Let'scheckwithanotherapproach.Supposewehave25datapoints.The74thpercentileisthevaluesuchthat74%ofthedataislessthanorequaltoit.74%of2"
614,9x^2-49
615,1296
616,124
617,G
618,8\sqrt{6}+7\sqrt{3}
619,C
620,A
621,F
622,"thehorizontaldistance(x)istheadjacentside.Intrigonometry,fortheangleofdepression,ifyouhaveanangletheta(49degrees)belowthehorizontal,thentan(theta)=opposite/adjacent=("
623,A
624,"esumformula:S‚āĀ‚āÖ=15/2[2c‚āĀ+14d]orS‚āĀ‚āÖ=15(c‚āĀ+c‚āĀ‚āÖ)/2.Maybethefirstoneisstraightforwardsincewehavec‚āĀandd.Let'scompute2c‚āĀ+14dfirst.Noticethat2c‚āĀ+14d=2(c‚āĀ+7d).Wait,c‚āĀ+7disc"
625,C
626,E
627,A
628,A
629,CATEGORICAL
630,A
631,2052
632,"isappropriate.Sothecalculationseemsright.Letmeverifywithanotherapproach.Let'scomputetheexactvalues.First,computethestandarderror:ŌÉ=0.56,n=24.SE=0.56/sqrt(24)‚Čą0"
633,-4
634,A
635,"4inches.Let'sseeiftheproblemexpectsaspecificdecimalplace.Thegivennumbersare15(exact?),4.84(twodecimalplaces),soprobablytwodecimalplaces.So2107.44inches.Wait,let'scheck"
636,A
637,C
638,A
639,\frac{5x}{1-8x}
640,\frac{4}{9}
641,"econdtripleinc,bad.3142:triples314(3>1<4,valley),142(1<4>2,peak)‚Üíbothnon-monotonic!Works.3214:triples321(dec),214(2>1<4,valley)‚Üífirsttripledec,bad.3241:triples324(3>2"
642,6264
643,296
644,"2.998degrees.Let'scheckwithacalculator:Usingacalculator,tan(2.998¬į)=tan(2.998*pi/180)‚Čątan(0.0523radians)‚Čą0.0523+(0.0523)^3/3‚Čą0.0523+0.000047‚Čą0.052347,whichiscloseto"
645,BEGC
646,"60¬įkorőł+100¬į=180¬į-őł+360¬įk.Firstcase:100¬į=360¬įk‚áík=0,but100‚Č†0,sono.Secondcase:2őł=80¬į+360¬įk‚áíőł=40¬į+180¬įk.Soinradians,őł=40¬į*(ŌÄ/180)+180¬įk*(ŌÄ/180)=(2ŌÄ/9)+ŌÄk"
647,n
648,".003=0.227922\),whichmatches.Forn=2:\(c_2-c_1=75.974\times(1.003)^2-75.974\times1.003=75.974\times1.003\times0.003=0.227922\times1.003\),whichisthepreviousdifference"
649,"kofitas0.18%or0.182%?Wait,theproblemsays""roundyourpercenttotwodecimalplaces"".Sotwodecimalplacesinthepercentage.So0.182045%is0.18%whenroundedtotwodecimalplaces.Letme"
650,A
651,"ofindwhenthevoltageis1,solve$6e^{-0.5t}=1$:$$e^{-0.5t}=\frac{1}{6}\quad\Rightarrow\quad-0.5t=\ln\left(\frac{1}{6}\right)=-\ln(6)$$$$t=2\ln(6)$$Using$\ln(6)\approx"
652,C
653,A
654,D
655,25
656,"‚Čą0.4629.Correct.z*for97%CI:97%confidence,sotwo-tailed,őĪ=0.03,soeachtail0.015.Thez-scoreisindeedabout2.17.Sotheconfidenceintervalis(2.3-2.17*0.4629,2.3+2.17*0.4629)ÔŅĹ"
657,"6+6.422‚Čą317.382.Soc¬≤‚Čą845-317.382‚Čą527.618,soc‚Čąsqrt(527.618)‚Čą22.97.ThenHeron'sformula:semi-perimeters=(13+26+22.97)/2‚Čą(61.97)/2‚Čą30.985.Area=sqrt[s(s-a)(s-b)(s"
658,\dfrac{7}{15}
659,35
660,"5.487^2‚Čą30.107,whichmakessensebecause30.1075istheratio,sosqrt(30.1075)‚Čą5.487.So(30.1075)^(3/2)=(30.1075)*sqrt(30.1075)‚Čą30.1075*5.487‚Čąlet'scomputethat.30*5.487=164.61"
661,"matching.Wait,wait!Waitasecond‚ÄĒmaybetheproblemsays""membershipis$168peryear,""butthequestionis""afterhowmanyvideogamerentalswillthetotalamountspentateachstorebethesame"
662,H
663,H
664,A
665,A
666,"68,70,69,73,72,67,70.Sum:68+70=138;138+69=207;207+73=280;280+72=352;352+67=419;419+70=489.Correct.SoxŐĄ‚āĀ=489/7‚Čą69.85714286.Population2:69,76,73,73,78,72,72,69.Sum:69+76=145;145+"
667,C
668,9
669,A
670,17
671,\tan(4+x)
672,F
673,"approximately0.425.Letmecheckwithacalculatorformoreprecision.Usingaz-scorecalculator,z=0.1935.Thecumulativeprobabilityforz=0.19is0.5753,z=0.20is0.5793.So"
674,"sothedivisiongives(10/81)/(-1/27)=(10/81)*(-27/1)=-270/81=-10/3.Yep,thatseemsright.Letmejustconfirmwithanotherapproach.Maybeexpresseverythingwithpositiveexponentsfrom"
675,"thenextterm:2*HA*HB*cos(130¬į).Let'scomputethat.First,2*72.8*96.2.Let'scompute72.8*96.2first.Let'ssee,72.8*96.2.Maybewecancomputethisas(70+2.8)(90+6.2)=70*90+70*6.2+2.8*"
676,G
677,C
678,0.45
679,^2=1.69(3.5-3.2)^2=(0.3)^2=0.09(3.4-3.2)^2=(0.2)^2=0.04Sum:1.44+1.00=2.44;+1.44=3.88;+0.25=4.13;+1.96=6.09;+0.04=6.13;+0.09=6.22;+1.69=7.91;+0.09=8.00;+0
680,66
681,110
682,5.91
683,7000
684,B
685,H
686,E
687,A
688,13
689,"essionintheparenthesesisatrigonometricidentity.Isn'tthatsin(A+B)=sinAcosB+cosAsinB?Wait,herewehavecos13sin7+sin13cos7,whichissin7cos13+cos7sin13=sin(7¬į+13¬į)=sin"
690,"olarcoordinates,thisisastraightlinethroughtheoriginatanangleof\(\pi/4\)(45degrees).ThedescriptionLis""Line"",soequation7isL.Letmedouble-checkeachone:1.\(r=\sin3\"
691,C
692,H
693,"59)/32.Sosubstitute:t=-ln(25.25/59)/[-ln(44/59)/32]=32*[ln(25.25/59)/ln(44/59)]Wait,let'scomputethelogs.Let'snotethatln(25.25/59)=ln(25.25)-ln(59),andln(44/59)=ln(4"
694,",000So\(\sumx^2=7,441,000,000\)Now,let'scomputetheslope\(b\):\(b=\frac{n\sumxy-(\sumx)(\sumy)}{n\sumx^2-(\sumx)^2}\)First,computenumerator:\(n\sumxy=9*2,112"
695,"Forlog3(64):3^3.785=e^(3.785*1.098612)‚Čąe^(4.158)‚Čą64,correct.Sotheanswersareapproximately19.8daysand37.9days.Butmaybetheproblemexpectsroundingtothenearestwholenumber"
696,8
697,A
698,\frac{5}{8}
699,A
700,F
701,NONE
702,0.01
703,"natorisunderx,thenit'shorizontalellipse.Sohere,(x-6)^2/16+(y-4)^2/9=1,somajoraxisishorizontal.Center(h,k)is(6,4).Vertices:forhorizontalellipse,verticesare(h¬Ī"
704,E
705,F
706,"recallthatforz=2.74,theareatotheleftisabout0.9969,sotheareatotherightis1-0.9969=0.0031.Letmecheckmoreprecisely.Standardnormaltable:z=2.74.Thetablevaluefor2.7"
707,CONTINUOUS
708,400
709,"(-10,5)"
710,"t'scomputemoreprecisely.Letmeusecalculator-likesteps:First,computeSE=190/sqrt(17)‚Čą190/4.1231056256‚Čą46.0817.Then,ME=1.645*46.0817‚Čą1.645*46.0817.Let'scompute46.0817"
711,"hin[0.7k,1.3k],whichisasymmetricintervalaroundk(since0.7k=k-0.3kand1.3k=k+0.3k).So,theintervalissymmetricaroundthemean.So,theprobabilitythatŌá¬≤_kisin[k-0.3k,k+"
712,x-3
713,A
714,d
715,-P^2+25
716,2
717,F
718,37.5
719,"iscorrect.C.Assumingreported80%isincorrect,P=0.0025...D.Assumingreported80%iscorrect,P=0.0025...E.Reported80%mustbefalse.F.Observedproportionunusuallyhighifreported80%"
720,"\frac{152,600,000}{436}$$Nowperformthedivision:$$152,600,000\div436=350,000$$Thisresultisexactbecause:$$436\times350,000=152,600,000$$---###FinalAnswer$$\boxed{3"
721,"tionbycosineofablank-Then[ANS][ANS]‚Üítwoblanks(maybeaplussignandaspace?Buttheproblemsays[ANS]foreach,soprobablysymbols)-Then([ANS])‚Üíparenthesiswithablankinside-"
722,"0$,thestandarderror(SE)is:$$SE=\sqrt{\frac{0.517\cdot0.483}{1200}}\approx0.0144$$Using$z^*=1.645$for90%confidence:$$ME=1.645\cdot0.0144\approx0.0237\approx0.024"
723,",comparingwith$Q=ae^{kt}$,wefind:$$k=\ln(0.462)"
724,No
725,D
726,13751
727,B
728,F
729,A
730,"iation}\timesn)$$Substitutetheknownvalues:$$\text{Valueafter7years}=12,760-(1,928\times7)$$---###Step3:ComputetheTotalDepreciationOver7Years$$1,928\times7=13,4"
731,95
732,"B,A,D,C"
733,160
734,G
735,G
736,C
737,16
738,"tforthepurposeofthisproblem,wecantreatthetotalsumas370.994,sosumoftwomissingis30.994.Wait,butmaybetheproblemexpectsustousethemeanas28.538,sowecanjustkeepitasS"
739,E
740,"theanswers.IthinkI'llwrite:ThepopulationisC.ThespecifiedattributeisA.Theproportionisapopulationproportion(A).Thenboxthechoices.Buttheusersays""donotwriteanything"
741,C
742,A
743,75
744,B
745,7
746,\text{LARGER}
747,2
748,3x+3
749,"ce.Yes,that'scorrect.Sotheanswershouldbe19.7.</think>Todeterminehowmanypointsabovethemeanonthefinalexamastudentwouldbepredictedtoscoreiftheyscored18pointsabovethe"
750,A
751,T=28-0.07d
752,"sthatexpresstheothercolumnsintermsofthebasecolumns.ThedefiningrelationisI=ABC=ADE.Let'swritethegeneratorsastheproductsthatequalI.SothefirstgeneratorisABC=I,soC"
753,A
754,"6(June):f(6)=13000sin((ŌÄ/6)(4))+39000=13000sin(2ŌÄ/3)+39000=13000*(‚ąö3/2)‚Čą11258,so39000+11258‚Čą50258.x=7(July):f(7)=13000sin((ŌÄ/6)(5))+39000=13000sin(5ŌÄ/6)+39000=130"
755,17.75
756,0.06
757,A
758,"/Ōá¬≤_(őĪ/2)and(n-1)s¬≤/Ōá¬≤_(1-őĪ/2).SinceŌá¬≤_(őĪ/2)islargerthanŌá¬≤_(1-őĪ/2)(becausethechi-squareddistributionisright-skewed),theupperlimitoftheconfidenceintervalforŌÉ¬≤is(n-1)s¬≤"
759,>
760,D
761,"givetheanswerinmeters.Sincetheshadowisgivenas185m(awholenumber),buttheman'smeasurementsareincm(145and142,whichareprecisetothecm),sotheanswershouldbetothenearest"
762,A
763,80
764,A
765,H
766,-3
767,ythagoreanidentity:$$\sin^2(x)+\cos^2(x)=1$$-**Match:**D.$\sin^2(x)+\cos^2(x)$5.**Expression:**$\tan(x)$-Bydefinition:$$\tan(x)=\frac{\sin
768,88
769,7p+3-6\sqrt{7p-6}
770,2
771,"der$1$-So,$a_3=2$-Remainder:$17-2\cdot6=1$Next,$2!=2$:-$1\div2=0$remainder$1$-So,$a_2=0$-Wait‚ÄĒthiscontradictstheexample.Let'srecheck.Actually"
772,A
773,D
774,"A,C"
775,"theteststatisticŌá¬≤isapproximately143.43.Letmecheckifthat'sright.Wait,thatseemshigh.Letmeverifytheexpectedfrequenciesagain.Wait,theproblemsays""thegivencategoriestohave"
776,"),19(18th)?Wait,no,let'slistall19s:Lookingattheoriginaldata:19isinthe7thposition(19),15thposition(19),16thposition(19),18thposition(19)?Wait,originaldatais:5,11,11"
777,A
778,tion:ŌÉ=sqrt((ő£x¬≤-nxŐĄ¬≤)/n)=sqrt((156-6*25)/6)=sqrt((156-150)/6)=sqrt(6/6)=sqrt(1)=1.Forsamplestandarddeviation:s=sqrt((ő£x¬≤-nxŐĄ¬≤)/(n-1))=sqrt(6/5)‚Čą1.0954.The
779,A
780,"tmerecap:(a)One-Tailed(B)(b)Teststatistic:2.33(c)P-value:0.01(since0.0099roundsto0.01)(d)Yes(A)(e)76.22<őľ<88.98Wait,let'scheckthep-valueagain.Ifthez-scoreis2"
781,4620
782,16
783,A
784,B
785,4
786,A
787,"75}}$$Solvefor$k$:$$k=117x\pm\sqrt{\frac{x}{18875}}$$---###FinalAnswerThetwosolutionsfor$k$are:$$\boxed{117x+\sqrt{\frac{x}{18875}},117x-\sqrt{\frac{x}{18875}}}"
788,"4,5,1,2,3"
789,7700
790,A
791,G
792,A
793,"till-x).g(x)=-x+4,soasx‚Üí¬Ī‚ąě,g(x)~-x.Sotheirendbehavioristhesame:bothapproachtheliney=-x(butg(x)isexactly-x+4,sothedifferenceistheconstantterm,butendbehavior"
794,\dfrac{117}{2}
795,"s.Similarly,66.80088%is66.80%whenroundedtotwodecimalplaces.Letmeconfirmwithmoreprecisecalculation.First,computeSE:\(\sqrt{\frac{0.69\times0.31}{1700}}=\sqrt{\frac{0.2139}{"
796,B
797,"3-906=247Sotheproductis1153*373*533*247.Let'sfactoreachnumbertoseeifthere'sasquarefactor.373:Let'scheckif373isprime.373dividedby2,no.3:3+7+3=13,notdivisible"
798,20.93
799,H
800,A
801,\frac{45}{14}
802,E
803,"isawell-definedfunctionof$x$.Thereisnoneedtofactororsimplifyfurther,asthisrepresentationdirectlymatchesthegivenformwithoutintroducingunnecessarycomplexity.---$$k=1"
804,E
805,eta)=\frac{1}{\sin(-\beta)}=\frac{1}{-\sin(\beta)}=-\csc(\beta)$-$f(-\beta)=1+\csc(-\beta)=1-\csc(\beta)$-Comparewith$f(\beta)=1+\csc(\beta)$and$-f(\beta)=-1-\csc(\
806,2.04
807,A
808,"P(-t-ŌÄ)hascoordinates(-cost,sint).Let'sconfirmwiththegivennumbers.Givencost=0.814,sint=0.581.Soforpartd(whichisthefourthc,buttheproblemsays""c.P(-t-ŌÄ)""),thex"
809,"tagain:theusersays""MeasuringTemperature.Thetwomostcommonlyusedscales...a.Determine...b.Find...c....d....e....f....g....""Theuserprobablywantsalltheanswersboxedasper"
810,A
811,"mean,XŐĄ~N(1.9,(10/‚ąö55)¬≤).Sothez-scoreforXŐĄ_criticalunderthetruemeanisz=(XŐĄ_critical-őľ)/(ŌÉ/‚ąön)=(1.8945-1.9)/1.3484‚Čą(-0.0055)/1.3484‚Čą-0.00408.SotheprobabilitythatZ‚Č§-"
812,A
813,A
814,A
815,"őĪ=0.05"".SothecriticalvalueisindeedF(0.05,5,18)=2.77.Yes,that'scorrect.Sotheanswers:(a)F=1.56(approx),RejectionregionF>2.77,ConclusionA.(b)F=2.40,RejectionregionF>"
816,G
817,D
818,7
819,B
820,F
821,G
822,2300
823,schoolgraduates.E.Thereportedvalue82%mustbefalse.F.Theobservedproportion...isunusuallyhighifthereportedvalue82%isincorrect.G.Theobservedproportion...isunusuallyhighif
824,"/0.007161‚Čą-0.9956,soapproximately-1.0.Sotheteststatisticisapproximately-1.0.Criticalvalueis-1.645.ConclusionisB.Yes,thatseemsright.Theconsultantclaimslessthan10%,but"
825,reject
826,F
827,"ceyourejectitmoreoften),soDwouldbecorrect.ButI'mnotsureifthisisastandardpoint.Alternatively,maybetheanswerexpectsthatDandGarebothincorrectbecauseyoudon't""prove""the"
828,17
829,",thedomainisnotsymmetricabout0,sothefunctionisneither.Wait,butmaybetheproblemexpectsustosimplifyfirst?Let'ssee:(2x‚Āī+8x¬≥)/(x¬≥+"
830,A
831,H
832,4
833,"t6o'clockis0m(bottom).Soatt=0,you'reat9o'clockposition,whichisheight17.5m.Andyou'redescending,meaningthatyourheightisdecreasingatt=0.Let'smodeltheheightasacosine"
834,B
835,7.78
836,:-$\sin(\alpha)<0$-
837,-64
838,198
839,",falsestatements=numberof(x,i)withiassignedtoxandxdivisiblebyi.Soyes,candies=999-falsestatements,wherefalsestatements=|"
840,A
841,"eatmost3,somaximumpossibletotalwithoutconstraintswouldbe15,butwehaveconstraintsonthepath(mustbeacyclevisitingeachnodeonce,soit'saHamiltoniancyclewithedgelengths‚Č§3)"
842,A
843,x^{49}
844,C
845,G
846,"approximately0.2636radians.Letmeconfirm:InGoogle,ifItype""arctan(0.27)radians"",itsays0.2636radians(approximately).Let'ssee:0.2636radians.Let'scomputetan(0.2636):tan(0.2636)ÔŅĹ"
847,A
848,"-4,4"
849,A
850,\dfrac{109\pi}{90}
851,21
852,A
853,C
854,"+d^2SoR^2+2Rh+h^2=R^2+d^2=>2Rh+h^2=d^2=>R=(d^2-h^2)/(2h)=d¬≤/(2h)-h/2Sincehis32feet,whichisverysmallcomparedtoR(whichwefoundtobe~647miles,soRisabout"
855,k-15
856,A
857,A
858,12
859,C
860,B
861,\frac{11}{5}
862,6
863,43120
864,9
865,C
866,\dfrac{4}{5}
867,C
868,-162
869,700
870,A
871,"semethod.Usingtheformulaforz-score:fora96%confidenceinterval,thecriticalzisthevaluesuchthattheareatotheleftis0.98.Usingastandardnormaltableorcalculator.InR,qnorm(0"
872,A
873,170
874,"romthebase""meanshorizontaldistancealongtheplain,soPisat(950,0)ifBisat(0,0),andCisat(d,0),soTisat(d,3400).Wait,no‚ÄĒifthemountainisinclined,thebaseBisthelowest"
875,E
876,0470.553Letmecheckwithacalculator:5807.52436069926/0.1435Let'sdo5807.52436069926√∑0.1435Multiplynumeratoranddenominatorby10000toeliminatedecimals:58075243.6069926/1435Let
877,A
878,D
879,A
880,D
881,18
882,6.17
883,17
884,19009
885,H
886,F
887,A
888,1732.56
889,D
890,1.29
891,D
892,"eachx*yandsum.Let'slistallxandypairs:1.x=53,y=48:53*48=25442.x=26,y=20:26*20=5203.x=52,y=45:52*45=23404.x=47,y=43:47*43=20215.x=21,y=21:21*21=4416.x=30,y=26:30"
893,"A(intheTypeIIoptionsgiven).Wait,let'slookattheTypeIIerroroptions.TypeIIerroroptions:A.Decidingthenullhypothesisistruewhenit"
894,A
895,"718,2.6439618isabout2.644,so(2.644)^0.1.Let'scomputeln(2.644)‚Čą0.972,so0.1*0.972=0.0972,e^0.0972‚Čą1.102.Sototalis1.102*2.5119‚Čą2.768.Sothatmatchesthepreviousestimate.So"
896,H
897,(t+7)(t-8)
898,\dfrac{7}{5}
899,\dfrac{1}{27}
900,"0+504/729=240+56/81‚Čą240.691.Wait,504√∑729=56/81‚Čą0.691.Sovariance‚Čą240.691.Letmecheckwithdecimalapproximationstoverify.Mean‚Čą54.4444.Computeeach(x_i-mean)^2:76-54.4"
901,F
902,35
903,"401‚Čą1.033SoCI:35.4¬Ī1.033‚Üí34.367to36.433‚Üí34.37‚Č§őľ‚Č§36.43Witht:df=84,t-criticalfor99%isapproximately2.632(fromt-table:df=80is2.639,df=100is2.626,sodf=84isaround2.6"
904,"rform:nő£(t_i¬≤)-(ő£t_i)^2=11*385-(55)^211*385=4,23555^2=3,025Denominator=4,235-3,025=1,210Som=1,086,085/1,210‚Čąlet'scomputethat.Divide1,086,085by1,210.First,1"
905,"tasgiven.So,wedon'tneedtoworryaboutp.Theproblemisjustasking,giventhatthecurrentSEis8.6%,howlargeasampleisneededtogetSE3.5%.So,theformulaisn2=n1*(SE1/SE2)^2"
906,A
907,"icalborder(leftandright).Ifthere's6feetofuncoveredflooron2sidesoftherug,thatmightmeanthatthehorizontalborder(topandbottom)has6feetofuncoveredflooroneachsideofthe"
908,Biology
909,"5,whichisapproximately81whenroundedtothenearestdegree.Butmaybetheywantitasadecimal.Letmechecktheproblemstatement:""estimatethetemperature"".Theproblemsays""Temperature=[ANS"
910,"olikelyadecimal,mayberoundedtotwodecimalplaces.Wait,let'scompute3978√∑491.Let'sdothedivision:491|3978.000491*8=3928,subtractfrom3978:3978-3928=50.0Bringdowna0:"
911,576
912,A
913,8
914,"(11/‚ąö32).‚ąö32‚Čą5.6568.So11/5.6568‚Čą1.944.Then2.05*1.944‚Čą4.0.Sothat'sexactly4pounds.Son=32givesE‚Čą4.0,whichiswhatweneed.Ifwetookn=31,then‚ąö31‚Čą5.5678,11/5.5678‚Čą1.975,2"
915,OS
916,"od).Thenat\(t=10\)minutes:\(\cos(\pi*10/5)=\cos(2\pi)=1\),so\(P(10)=170-90=80\)(backtolow).Sothat'safullcyclefrom0to10minutes:lowat0,highat5,lowat10"
917,"lerform?Let'scheck:\((\sqrt{a}+\sqrt{b})^2=a+b+2\sqrt{ab}\).Suppose\(196+98\sqrt{2}=(a+b)+2\sqrt{ab}\).Then\(a+b=196\)and\(2\sqrt{ab}=98\sqrt{2}\),so\(\sqrt{"
918,7957
919,B
920,hat{p})=0.386*0.614=0.237004\)\(n=740\)Sothestandarderroris\(\sqrt{0.237004/740}=\sqrt{0.00032027568}‚Čą0.0179\)z*for96%confidence:Let'suseacalculator.The96%confidence
921,"pullsthemeantotheright).Inaleft-skeweddistribution,themeanislessthanthemedian(tailpullsthemeantotheleft).Ifsymmetric,meanequalsmedian.Here,themeanisapproximately79.7"
922,32
923,-2
924,16.33
925,",10.8069-64.7142857‚Čą4.2857143.Squared:‚Čą18.3772-64.7142857‚Čą7.2857143.Squared:‚Čą53.0879-64.7142857‚Čą14.2857143.Squared:‚Čą204.08Nowsumtheseup:313.8095+216.503=530.3125"
926,1.67
927,A
928,F
929,A
930,18^6
931,A
932,:23128.4406+2472.0784=25600.519x6¬≤:7745.7601‚Üítotal:25600.519+7745.7601=33346.2791So\(\sumx^2=33346.2791\)Now\(\sumy^2\):y1¬≤=7.00¬≤=49.00y2¬≤=7.70¬≤=59.29y3¬≤=1
933,B
934,497-112\sqrt{7}
935,C
936,C
937,"bound:11.2-1.829=9.371;upperbound:11.2+1.829=13.029.Soroundingto,say,threedecimalplaces,butmaybetheproblemexpectstwodecimalplaces?Let'ssee.For95%CI:t=2.262(df=9"
938,"ebothanswersboxed.Wait,buttheinstructionsays""thefinalanswer"",somaybetheywantboth?Wait,let'sseeexamples.Inmanymathproblemswithparts,eachparthasitsownanswerboxed.Wait"
939,14.2
940,"ctorstartswith41.99andendswith44.8,andthecountis50).Wait,theuserwrote:askpr=c(41.99,77.8,...,44.8).Letmecounttheelements.Theaskprvectorhas50elements(theproblemlists"
941,"1.\text{equivalent},2.\text{notequivalent},3.\text{equivalent},4.\text{notequivalent},5.\text{notequivalent}"
942,B
943,0.55188
944,A
945,number
946,A
947,1040
948,A
949,"leastone-halfofallInternetusersmakeon-linepurchases""referstoapopulationproportion$p$.Thephrase""atleastone-half""implies$p\geq0.5$.Inhypothesistesting,thenullhypothesis"
950,".Let'sconvertthattoafractionfirst,thenadd8.Lety=0.765765765...Multiplyby1000:1000y=765.765765...Subtracty:999y=765.765765...-0.765765...=765Soy=765/999Simplify"
951,-\frac{13}{15}
952,H
953,"9^2\text{Var}({\hat\beta}_8)+c_{10}^2\text{Var}({\hat\beta}_9)+2c_9c_{10}\text{Cov}({\hat\beta}_8,{\hat\beta}_9)$.Fromthematrix,thediagonalelements(i,i)arethevariances.Let'sfind"
954,4878.72
955,10
956,A
957,H
958,A
959,E
960,48000
961,A
962,A
894,A
963,507.5
964,6i
965,A
966,".Fifthrow:4(6th),4(7th),4(10th)‚Üíthree4s.Wait,let'slistall4s:Firstrow:4,4,4,4(positions3,7,8,9)‚Üí4Secondrow:4,4,4,4(positions1,3,6,7)‚Üí4Thirdrow:4,4,4,4(positions1"
967,53
968,A
969,"[ANS]placeholder.Soprobablyforeachpart,weneedtoboxtheanswer?Wait,theuserwrote:""Foreachpart,the[ANS]istheanswertoputinthebox?""Wait,no,theproblemsays:""Onceyouobtain"
970,A
971,A
972,E
973,C
974,G
975,"tates""ahorizontalasymptoteaty=2"",somaybeforthepurposeofthisproblem,wecanassumethatlim_{c‚Üí¬Ī‚ąě}n(c)=2.Wait,butlet'schecktheproblemstatementagain:""Thegraphofafunctiony=n"
976,".30)^2‚Čą68.89Butwait,let'scheckwiththeexactt-value.Maybetheproblemisdesignedsothatthet-valueisknownfromtheconfidenceinterval.Wait,theconfidenceintervalisgivenas(-24.4"
977,"/2.Sincearccos(x/6)‚ąą[0,ŌÄ],theproblematicpointsarearccos(x/6)=ŌÄ/4(sox/6=‚ąö2/2‚áíx=3‚ąö2)andarccos(x/6)=3ŌÄ/4(sox/6=-‚ąö2/2‚áíx=-3‚ąö2).Whichmatchesthedenominatorbeingzeroatx"
978,"thecriticalvalueunderthetruemeanis(XŐĄ_critical-őľ)/(ŌÉ/‚ąön)=(1067.5134-1089)/10.00196‚Čą(-21.4866)/10.00196‚Čą-2.148Soz‚Čą-2.148Now,weneedtofindP(Z‚Č§-2.148)whereZ~N("
979,A
980,660
981,A
982,2080
983,"\frac{18}{5},3,2,\frac{9}{7}"
984,B
985,"-4,5"
986,A
987,0.928
988,250
989,F
990,butmaybetheyacceptthebase(2/25)form.Let'ssee.Let'scheckpart(b)toseeifwecancomputewiththebaseeform.Part(b)asks:Howmanydegreesdoesthebrick'stemperaturedropduringthe
991,46
992,3.000000
993,A
994,C
995,D
996,"37.6-16.085‚Čą121.5152.Width=6.700ft:21.5*6.7=21.5*(6+0.7)=129+15.05=144.05(6.7)^2=44.890.3927*44.89‚Čą0.3927*40=15.708,0.3927*4.89‚Čą1.918,total‚Čą17.626A‚Čą144.05-1"
997,2x+\frac{150}{x}
998,A
999,36
1000,\arctan\left(\frac{1}{8}\right)
1001,E
1002,"rse(C)isq.Ifyouhadafunctionthatwasqperdollar,thatwouldbeq/C,butthat'snotfinverse(C).SoAisincorrect.OptionEisdefinitelycorrect.Let'sseeifthere'sanotherone.OptionF"
1003,"f(x)=\frac{1}{x},\g(x)=8x+1"
1004,E
1005,"unction\(y=\cos(x-2)\).Thephaseshiftis2(totheright),horizontalshiftis2.So,inthatcase,theyarethesame.Inthefunction\(y=\cos(x+3)\),phaseshiftis-3(totheleft)"
1006,B
1007,52
1008,E
1009,9.3¬≤=86.494.5¬≤=20.258.5¬≤=72.255.6¬≤=31.369.8¬≤=96.047.6¬≤=57.765.9¬≤=34.817.7¬≤=59.292.3¬≤=5.297.7¬≤=59.296.9¬≤=47.617¬≤=4915¬≤=2250.4¬≤=0.168.2¬≤=67.24
1010,D
1011,-\frac{\pi}{6}
1012,B
1013,310.49
1014,B
1015,A
1016,\dfrac{7x+6}{8-7x}
1017,B
1018,E=2.17*0.02038‚Čą2.17*0.02038Let'scompute2.17*0.02=0.04342.17*0.00038‚Čą0.0008246SototalE‚Čą0.0434+0.0008246‚Čą0.0442246‚Čą0.0442Sotheconfidenceintervalis0.5283¬Ī0.044
1019,E
1020,"totalcost).Sincetheproblemsays([ANS],[ANS]),probablythequantityandthetotalamount(eitherrevenueorcost,sincetheyareequal).Letmecomputethetotalrevenueatbreak-even.Sincex"
1021,A
1022,5
1023,A
1024,D
1025,"soapproximately1154mph.Butmaybetheywantitas367.2ŌÄ.Wait,theproblemsays""theairspeed"",andinthecontextoftheproblem,sinceit'samathproblem,theymightwanttheexactvalue.Let's"
1026,"hassomenumberofchosenballs(oneperpersonwhochosethatcolor),andforeachcolor,thesumofmassesofchosenballsinthatcoloris‚Č§C.Thenweneedthatforanydistribution(eachperson's"
1027,approximately9
1028,"800001000¬≤*2=2,000,0002000¬≤=4,000,0005000¬≤=25,000,00010000¬≤=100,000,000Sototalsquaredsum:30625+80000=110625;+2,000,000=2,110,625;+4,000,000=6,110,625;+25,000,000=31"
1029,"e'snomistakeinthecalculation.2.05*14=28.728.7/4=7.1757.175squared:7*7=49,7*0.175=1.225,0.175*7=1.225,0.175*0.175=0.030625.So,(7+0.175)^2=7^2+2*7*0.175+"
1030,"False,True,False,True"
1031,"A,C,D"
1032,F
1033,"**-**Ratios**:$\frac{4}{1}=4$,$\frac{16}{4}=4$,$\frac{64}{16}=4$,$\frac{256}{64}=4$‚ÜíConstantratio(4).‚úÖ**Classification**:**Exponential**---###6.**Sequence:$1,16,81,256"
1034,A
1035,A
1036,F
1037,A
1038,A
1039,C
1040,"sitive,rootsreal,butintegerroots?Notnecessarily,butP(n)canbe1:n¬≤+cn+d=1‚áín¬≤+cn+(d-1)=0,discriminantc¬≤-4(d-1),whichisinteger,soforsomeintegern,yes(e.g.,n="
1041,oŌÜ‚Čą90-0.0793=89.9207degrees.Let'scheckwithacalculator:tan(89.9207¬į).Let'scompute89.9207¬įinradians:89.9207*ŌÄ/180‚Čą1.568radians.tan(1.568)=tan(ŌÄ/2-0.0793¬į)=cot(0.0793¬į)
1042,4838400
1043,E
1044,E
1045,A
1046,\frac{4}{57}
1047,"needtocomputecircumference.Ifthewheelis25inchesindiameter,circumferenceisŌÄ*25.Ifit's25inchesinradius,circumferenceis2ŌÄ*25.Buttheproblemsays""25inchwheels"",whichisabit"
1048,"2+4\sqrt{30},2-4\sqrt{30}"
1049,"since100%-93.8%=6.2%).Soz*‚Čą1.87.Yes,that'sprobablythevaluetheyexpect.Let'sconfirm:Ifz*=1.87,thenthetwo-tailedareais2*(1-0.96926)=2*0.03074=0.06148,whichis6.148%"
1050,-39
1051,B
1052,360
1053,D
1054,\frac{2}{3}
1055,6¬≤=25621¬≤=44126¬≤=67630¬≤=90036¬≤=129644¬≤=193652¬≤=2704Nowsumtheseup:81+256=337337+256=593593+441=10341034+676=17101710+900=26102610+1296=
1056,"A,E"
1057,"(0.000,4.500)"
1058,22.62
1059,G
1060,A
1061,"138.81¬į.Let'scheckcosŌÜ:cos(138.81¬į)‚Čącos(180¬į-41.19¬į)=-cos(41.19¬į)‚Čą-0.75,and8/‚ąö113‚Čą8/10.63‚Čą0.75,so-8/‚ąö113‚Čą-0.75,whichmatches.Similarly,sinŌÜ‚Čąsin(138.81¬į)‚Čąsin(41.19¬į)‚Čą0"
1062,"ominoina2-rowgridcovers2+1or1+2.In2x6,totalsquares:12,sototaltoprowsquares:6,bottomrow:6.Eachtriominocontributeseither+1totop(if2bottom,1top)or+2totop(if2top"
1063,"les(n2=7).Malesdata:8800,10700,9900,10000,9800,9500,8900First,sum(ő£x2)=8800+10700=19500;+9900=29400;+10000=39400;+9800=49200;+9500=58700;+8900=67600Soő£x2=676"
1064,9
1065,1.08P
1066,5
1067,0.7
1068,A
1069,3675
1070,A
1071,H
1072,E
1073,B
1074,-24
1075,D
1076,\dfrac{1}{11}
1077,"ethestemisthetensplace,andtheleavesaretheonesplace,soeachleafisasingledigit,sothe""18""mustbeamistake?Wait,no,wait,theproblemsays""fillinthemissingentries"",somaybe"
1078,"ivalent.Wait,butmaybetheproblemisdesignedtohaveonlysomeofthem.Letmethinkagain.Wait,let'swritealloptionsintermsof(p-3)/p.Original:(p-3)/p.A:(p-3)/(-p)=-(p-3"
1079,"1standarddeviationinthenormaldistribution,soz*‚Čą1.00(since68%isroughly1ŌÉ).Originalz*for95%is~1.96.Sothenewlengthisproportionalto1.00/1.96‚Čą0.510L_0.Sothelengthis"
1080,"[-57,23]"
1081,62
1082,"[-1,\frac{13}{7}]"
1083,"t1,buttheproblemmightnotrequirespecifyingthelowerboundforthefirstpiece.Wait,let'slookatthetemplatestructure.Theuserwrote:T(n)=\left\lbrace\begin{array}{cc}&\\&\\&\\&\\"
1084,C
1085,C
1086,"Wait,no:increasinglikelihoodmeansfromleastlikelytomostlikely.SothesmallestprobabilityisB,thenA,thenC.Wait,let'sconfirmtheareas:Wait,őł_Cis135.734¬į,whichisalargeangle"
1087,A
1088,0
1089,"05‚Čą27*26+27*0.1905‚Čą702+5.1435‚Čą707.1435,whichmatchestheearlierdecimal.Sotheexactvalueis4950/7miles,whichisapproximately707.14miles.Sincetheproblemsays""howmanymilesis"
1090,5\sin(t)-5\cos(t)
1091,C
1092,60
1093,E
1094,6
1095,"1(allnumbers),soboardbecomesempty.Geoffcausesboardtobeempty,soheloses.-Choosek=0,n=2:samething,eraseall,boardempty,Geoffloses.-Choosek=1,n=1:mod2,residue1:{1},so"
1096,"aysagaintobesure.Originaldays15-20:6days(15,16,17,18,19,20).Soifpaymentisonday17,thendays15and16arestillat$2300(2days),anddays17-30(14days)areat$900.Yes,17to3"
1097,"in(43¬į33'21'')=[ANS]""Sofirst[ANS]isdecimaldegrees(withatleast5decimals),second[ANS]isthesinevalue(withatleast5decimals).Thenthethirdpart:""77.2608333333333¬į=[ANS]¬į[ANS]"
1098,\frac{10}{3}
1099,G
1100,")+(y¬≤/b¬≤)=1,wherea>b.Here,theellipsepassesthrough(25,0)and(0,14),sopluggingin(25,0):(25¬≤)/a¬≤+0=1‚áía¬≤=625‚áía=25.Pluggingin(0,14):0+(14¬≤)/b¬≤=1‚áíb¬≤=196‚áíb="
1101,A
1102,"sedim(null(X))‚Č§dim(null(XŠĶÄX)),soFisincorrect.Ah,that'smymistakeearlier.SoFisincorrect.G:aŠĶÄX=0‚āô.aŠĶÄis1√ók,Xisn√ók,soaŠĶÄXis1√ón.Theproblemsays""0‚āô""whichisn√ó1.Sothisis"
1103,"precisewithsigns.Originalequation:204849x¬≤+(-68040)xy+137376y¬≤+...=0,soA=204849,B=-68040,C=137376.Thus,tan(2őł)=B/(C-A)=(-68040)/(137376-204849)=(-68040)/(-6"
1104,C
1105,A
1106,"is4.5,whichisawholenumber.Somaybetheyexpecttheanswertobeawholenumber.Let'ssee:2250/8.5‚Čą264.70588,soapproximately265units.That'sprobablywhattheywant.Letmecheckwith"
1107,C
1108,3x^7
1109,24
1110,C
1111,".90.Foratwo-tailedtestwith\(\alpha=0.05\),thecriticalz-scoresare\(\pmz_{\alpha/2}\).Since\(\alpha=0.05\),\(\alpha/2=0.025\).Thecriticalzfor0.025intheuppertailis"
1112,"\frac{7}{4},-\frac{7}{4}"
1113,"rddeviations(withn).Wait,butintheformulaforsamplecovariance,it'susually\(s_{xy}=\frac{1}{n-1}\sum(x_i-\overline{x})(y_i-\overline{y})\),buttheproblemsays""s_{xy}andr_{xy}"
1114,\frac{53}{7}
1115,"sincetheproblemsays""rangeinCelsiusdegrees"",andtheymightwantitasafractionoradecimal.Letmecheckif155/9istheexactvalue.155dividedby9is17.222...,soasafraction,it's1"
1116,A
1117,C
1118,"|a‚ąąA},socisaninvolution,c(c(A))=A,andc(S\A)=A?Wait,no:c(S)={1001-a|a‚ąąS}=S,sinceS={1,...,1000},soc(S)=S.Whatisc(A)‚ą©c(B)?c(A)‚ą©c(B)={1001-a|a‚ąąA}‚ą©"
1119,130
1120,"10,-10"
1121,10+r
1122,"whichistrue,since2ŌÄ/3‚Čą2.094<3.1416‚ČąŌÄ).Sothat'stheanswer.Ithinkthat'sit.Letmejustcheckifthere'sanyotherpossibleangle.Supposesomeonethoughtmaybecos(x)=0isasolution"
1123,24
1124,"buttheterm""increasing""without""strictly""isoftenusedfornon-strict,butforlinearfunctionswithpositiveslope,it'sstrictlyincreasing,buttheproblemprobablyexpects""increasing""asthe"
1125,A
